,idPedido,idUser,esCombo,nombreProducto,cantidadVendida,costoProd,idProducto,idProveedor,precioProd,ganNet
0,1566519583413,1566519534894.0,False,sacudidor penacho,1,14000,13,1601684853762.0,20000.0,0.4285714285714286
1,1566522925908,1566522867848.0,False,sacudidor penacho,2,14000,13,1601684853762.0,10000.0,-0.6428571428571428
2,1566523082463,1566522867848.0,False,sacudidor penacho,2,14000,13,1601684853762.0,10000.0,-0.6428571428571428
3,1573334837574,1573004581116.0,False,sacudidor penacho,1,14000,13,1601684853762.0,18200.0,0.30000000000000004
