,idPedido,idUser,esCombo,nombreProducto,cantidadVendida,costoProd,idProducto,idProveedor,precioProd,ganNet
0,1565375197942,1565107828907.0,False,Talco king barber 650 gramos,1,8500,1544761269190,1601684853762.0,10000.0,0.17647058823529416
1,1565749862984,1565452525590.0,False,Talco king barber 650 gramos,12,8500,1544761269190,1601684853762.0,833.3333333333335,-0.9918300653594772
2,1566519583413,1566519534894.0,False,Talco king barber 650 gramos,1,8500,1544761269190,1601684853762.0,11500.0,0.3529411764705883
3,1566522925908,1566522867848.0,False,Talco king barber 650 gramos,3,8500,1544761269190,1601684853762.0,11500.0,-0.5490196078431373
4,1566523082463,1566522867848.0,False,Talco king barber 650 gramos,3,8500,1544761269190,1601684853762.0,11500.0,-0.5490196078431373
5,1570169212792,1569782847915.0,False,Talco king barber 650 gramos,1,8500,1544761269190,1601684853762.0,11050.0,0.30000000000000004
6,1570923047726,1570320056304.0,False,Talco king barber 650 gramos,1,8500,1544761269190,1601684853762.0,11900.0,0.3999999999999999
7,1593919774476,1593710392696.0,False,Talco king barber 650 gramos,1,8500,1544761269190,1601684853762.0,11900.0,0.3999999999999999
