,idPedido,idUser,esCombo,nombreProducto,cantidadVendida,costoProd,idProducto,idProveedor,precioProd,ganNet
0,1566519583413,1566519534894.0,False,Gel xtreme 2.2 kg,1,16200,1544760692106,111.0,20500.0,0.26543209876543217
1,1566521905387,1566521758978.0,False,Gel xtreme 2.2 kg,2,16200,1544760692106,111.0,20500.0,-0.3672839506172839
2,1566522925908,1566522867848.0,False,Gel xtreme 2.2 kg,3,16200,1544760692106,111.0,6833.333333333332,-0.8593964334705075
3,1566523082463,1566522867848.0,False,Gel xtreme 2.2 kg,3,16200,1544760692106,111.0,6833.333333333332,-0.8593964334705075
