,idPedido,idUser,esCombo,nombreProducto,cantidadVendida,costoProd,idProducto,idProveedor,precioProd,ganNet
0,1566519583413,1566519534894.0,False,Gel xtreme 1.5kg,1,10000,1544760955094,111.0,13500.0,0.3500000000000001
1,1566522925908,1566522867848.0,False,Gel xtreme 1.5kg,4,10000,1544760955094,111.0,3375.0,-0.915625
2,1566523082463,1566522867848.0,False,Gel xtreme 1.5kg,4,10000,1544760955094,111.0,3375.0,-0.915625
3,1570482307786,1570239282519.0,False,Gel xtreme 1kg,1,10000,1544760955094,111.0,13000.0,0.30000000000000004
