,idPedido,idUser,esCombo,nombreProducto,cantidadVendida,costoProd,idProducto,idProveedor,precioProd,ganNet
0,1564516435746,1564027901658.0,False,Combo shampoo karicia y aceite minox con aloe,1,23600,1545954748192,111.0,40000.0,0.6949152542372881
1,1565121498302,1565015957397.0,False,Combo shampoo karicia y aceite minox con aloe,1,23600,1545954748192,111.0,42800.0,0.8135593220338984
