,idPedido,idUser,esCombo,nombreProducto,cantidadVendida,costoProd,idProducto,idProveedor,precioProd,ganNet
0,1566055652581,1565894700930.0,False,Talco pinaud,2,13000,1546828914073,1601689078476.0,18000.0,-0.3076923076923077
1,1566950483130,1566845083700.0,False,Talco pinaud,1,13000,1546828914073,1601689078476.0,18000.0,0.3846153846153846
2,1568490937167,1566679123517.0,False,Talco pinaud,1,13000,1546828914073,1601689078476.0,19300.0,0.48461538461538467
3,1573161773687,1572963766704.0,False,Talco pinaud,1,13000,1546828914073,1601689078476.0,18900.0,0.4538461538461538
4,1576794827671,1570638110314.0,False,Talco pinaud,1,13000,1546828914073,1601689078476.0,18900.0,0.4538461538461538
5,1579896023205,1579793857544.0,False,Talco pinaud,1,13000,1546828914073,1601689078476.0,18900.0,0.4538461538461538
6,1582146612178,1582050123584.0,False,Talco pinaud,1,13000,1546828914073,1601689078476.0,18900.0,0.4538461538461538
7,1582812147492,1582632333270.0,False,Talco pinaud,1,13000,1546828914073,1601689078476.0,18900.0,0.4538461538461538
8,1583003154966,1581896716162.0,False,Talco pinaud,1,13000,1546828914073,1601689078476.0,18900.0,0.4538461538461538
