,idPedido,idUser,esCombo,nombreProducto,cantidadVendida,costoProd,idProducto,idProveedor,precioProd,ganNet
0,1565375197942,1565107828907.0,False,Atomizador atenea,1,3000,1546829399450,1601684853762.0,4900.0,0.6333333333333333
1,1584214739703,1583431379816.0,False,Atomizador atenea,1,3000,1546829399450,1601684853762.0,4900.0,0.6333333333333333
