,idPedido,idUser,esCombo,nombreProducto,cantidadVendida,costoProd,idProducto,idProveedor,precioProd,ganNet
0,1568748952404,1568499545099.0,False,Tapa bocas ,1,5000,1546878484349,111.0,6800.0,0.3600000000000001
1,1574791610699,1574356960344.0,False,Tapa bocas 50 UNIDADES,1,5000,1546878484349,111.0,6800.0,0.3600000000000001
2,1579730641194,1577723024282.0,False,Tapa bocas 50 UNIDADES,6,5000,1546878484349,111.0,40800.0,0.3600000000000001
