,idPedido,idUser,esCombo,nombreProducto,cantidadVendida,costoProd,idProducto,idProveedor,precioProd,ganNet
0,1575427232919,1575210241298.0,False,Máquina wahl gris clasica,1,115000,1546882587033,1601684853762.0,137900.0,0.1991304347826086
1,1576525349972,1575988965017.0,False,Máquina wahl gris clasica,1,115000,1546882587033,1601684853762.0,137900.0,0.1991304347826086
2,1577395193144,1572738759848.0,False,Máquina wahl gris clasica,1,115000,1546882587033,1601684853762.0,137900.0,0.1991304347826086
3,1584214739703,1583431379816.0,False,Máquina wahl gris clasica,1,115000,1546882587033,1601684853762.0,140900.0,0.2252173913043478
4,1585840543583,1585321389716.0,False,Máquina wahl gris clasica,1,115000,1546882587033,1601684853762.0,140900.0,0.2252173913043478
