,idPedido,idUser,esCombo,nombreProducto,cantidadVendida,costoProd,idProducto,idProveedor,precioProd,ganNet
0,1575427277231,1569122981037.0,False,Edgewax Extreme Hold 4 oz,1,17300,1546829262199,1601689425492.0,26300.0,0.5202312138728324
1,1588126641758,1587755206505.0,False,Edgewax Extreme Hold 4 oz,1,17300,1546829262199,1601689425492.0,26300.0,0.5202312138728324
