,idPedido,idUser,esCombo,nombreProducto,cantidadVendida,costoProd,idProducto,idProveedor,precioProd,ganNet
0,1579115089791,1578068245635.0,False,Patillera slim line pro,1,200000,1546746844381,1601684853762.0,239800.0,0.19900000000000007
1,1579377647173,1579280264982.0,False,Patillera slim line pro,1,200000,1546746844381,1601684853762.0,239800.0,0.19900000000000007
2,1594943302676,1594830228139.0,False,Patillera slim line pro,1,200000,1546746844381,1601684853762.0,269000.0,0.345
