,idPedido,idUser,esCombo,nombreProducto,cantidadVendida,costoProd,idProducto,idProveedor,precioProd,ganNet
0,1570212657675,1569961568264.0,False,Guías wahl genericas,1,17000,1547492986894,1601684853762.0,25000.0,0.47058823529411775
1,1572395346736,1569755761323.0,False,Guías wahl genericas,1,17000,1547492986894,1601684853762.0,25000.0,0.47058823529411775
2,1576707491237,1576250101639.0,False,Guías wahl genericas,1,17000,1547492986894,1601684853762.0,25000.0,0.47058823529411775
3,1577214761729,1577128894085.0,False,Guías wahl genericas,1,17000,1547492986894,1601684853762.0,25000.0,0.47058823529411775
