,idPedido,idUser,esCombo,nombreProducto,cantidadVendida,costoProd,idProducto,idProveedor,precioProd,ganNet
0,1568235415482,1567722140585.0,False,Derretidora de cera grande pro-wax 100,1,32000,1548701954148,1601684853762.0,42900.0,0.34062499999999996
1,1569697293526,1569072332067.0,False,Derretidora de cera grande pro-wax 100,1,32000,1548701954148,1601684853762.0,42900.0,0.34062499999999996
2,1575755980621,1572212689704.0,False,Derretidora de cera grande pro-wax 100,1,32000,1548701954148,1601684853762.0,42900.0,0.34062499999999996
3,1576707429532,1567309750699.0,False,Derretidora de cera grande pro-wax 100,1,32000,1548701954148,1601684853762.0,42900.0,0.34062499999999996
4,1576707923764,1576596158776.0,False,Derretidora de cera grande pro-wax 100,1,32000,1548701954148,1601684853762.0,42900.0,0.34062499999999996
5,1594508568456,1594133681970.0,False,Derretidora de cera grande pro-wax 100,1,32000,1548701954148,1601684853762.0,42900.0,0.34062499999999996
6,1597791289268,1596064622802.0,False,Derretidora de cera grande pro-wax 100,1,32000,1548701954148,1601684853762.0,42900.0,0.34062499999999996
