,idPedido,idUser,esCombo,nombreProducto,cantidadVendida,costoProd,idProducto,idProveedor,precioProd,ganNet
0,1566617926396,1566416710508.0,False,Peine Termix,1,3500,1549393343981,1601688802034.0,3000.0,-0.1428571428571429
1,1568405087952,1564197318691.0,False,Peine Termix,1,3500,1549393343981,1601688802034.0,3000.0,-0.1428571428571429
2,1571523627370,1571352762861.0,False,Peine Termix,1,3500,1549393343981,1601688802034.0,3000.0,-0.1428571428571429
3,1575427350947,1574788405350.0,False,Peine Termix,1,3500,1549393343981,1601688802034.0,6500.0,0.8571428571428572
4,1583617919791,1583504224785.0,False,Peine Termix,1,3500,1549393343981,1601688802034.0,6900.0,0.9714285714285715
5,1587516839982,1587057785374.0,False,Peine Termix,1,3500,1549393343981,1601688802034.0,6900.0,0.9714285714285715
6,1590536785356,1590075496682.0,False,Peine Termix,1,3500,1549393343981,1601688802034.0,6900.0,0.9714285714285715
7,1593911517737,1593280979007.0,False,Peine Termix,1,3500,1549393343981,1601688802034.0,6900.0,0.9714285714285715
