,idPedido,idUser,esCombo,nombreProducto,cantidadVendida,costoProd,idProducto,idProveedor,precioProd,ganNet
0,1569697381008,1569099682832.0,False,Guías originales wahl,1,48000,1549858597702,1601684853762.0,65000.0,0.35416666666666674
1,1591897364865,1589253434697.0,False,Guías originales wahl,1,48000,1549858597702,1601684853762.0,65000.0,0.35416666666666674
