,idPedido,idUser,esCombo,nombreProducto,cantidadVendida,costoProd,idProducto,idProveedor,precioProd,ganNet
0,1570927467216,1569787588565.0,False,Barbera de bisagra,1,9500,1549293679841,1601684853762.0,13900.0,0.4631578947368422
1,1575389422634,1575058017818.0,False,Barbera de bisagra,1,9500,1549293679841,1601684853762.0,13900.0,0.4631578947368422
2,1579544531647,1579315466200.0,False,Barbera de bisagra,1,9500,1549293679841,1601684853762.0,13900.0,0.4631578947368422
3,1592101270853,1591871356462.0,False,Barbera de bisagra,1,9500,1549293679841,1601684853762.0,13900.0,0.4631578947368422
4,1593210825356,1592921203849.0,False,Barbera de bisagra,1,9500,1549293679841,1601684853762.0,13900.0,0.4631578947368422
5,1595442707711,1594958500915.0,False,Barbera de bisagra,1,9500,1549293679841,1601684853762.0,13900.0,0.4631578947368422
