,idPedido,idUser,esCombo,nombreProducto,cantidadVendida,costoProd,idProducto,idProveedor,precioProd,ganNet
0,1573335001015,1573065032643.0,False,M치quina patillera wahl detailer,1,155000,1549299188309,1601684853762.0,188900.0,0.21870967741935488
1,1578000373099,1576690839474.0,False,M치quina patillera wahl detailer,1,155000,1549299188309,1601684853762.0,188900.0,0.21870967741935488
2,1583273868429,1583175720149.0,False,M치quina patillera wahl detailer,1,155000,1549299188309,1601684853762.0,193900.0,0.2509677419354839
3,1589585889502,1589234254875.0,False,M치quina patillera wahl detailer,1,155000,1549299188309,1601684853762.0,193900.0,0.2509677419354839
