,idPedido,idUser,esCombo,nombreProducto,cantidadVendida,costoProd,idProducto,idProveedor,precioProd,ganNet
0,1581545662662,1581366878199.0,False,Repuesto completo shaver andis,1,60000,1550595195818,1601684853762.0,78900.0,0.31499999999999995
1,1584478414006,1583518329966.0,False,Repuesto completo shaver andis,2,60000,1550595195818,1601684853762.0,157800.0,0.31499999999999995
