,idPedido,idUser,esCombo,nombreProducto,cantidadVendida,costoProd,idProducto,idProveedor,precioProd,ganNet
0,1571523627370,1571352762861.0,False,Wahl legend ,1,165000,1550512523920,1601684853762.0,220000.0,0.33333333333333326
1,1573335001015,1573065032643.0,False,Wahl legend ,1,165000,1550512523920,1601684853762.0,220000.0,0.33333333333333326
2,1576005284399,1570292715336.0,False,Wahl legend ,1,165000,1550512523920,1601684853762.0,220000.0,0.33333333333333326
3,1578000300276,1571361905812.0,False,Wahl legend ,1,165000,1550512523920,1601684853762.0,248000.0,0.5030303030303029
4,1586651252331,1585753287762.0,False,Wahl legend ,1,165000,1550512523920,1601684853762.0,248000.0,0.5030303030303029
