,idPedido,idUser,esCombo,nombreProducto,cantidadVendida,costoProd,idProducto,idProveedor,precioProd,ganNet
0,1569817914455,1568209737742.0,False,Atomizador toda dirección.,1,6000,1552077077060,1601689078476.0,9500.0,0.5833333333333333
1,1572469923327,1572107795763.0,False,Atomizador toda dirección.,1,6000,1552077077060,1601689078476.0,9500.0,0.5833333333333333
2,1576793784313,1576244630957.0,False,Atomizador toda dirección.,1,6000,1552077077060,1601689078476.0,9500.0,0.5833333333333333
3,1578000373099,1576690839474.0,False,Atomizador toda dirección.,1,6000,1552077077060,1601689078476.0,9500.0,0.5833333333333333
4,1581711742721,1580310256779.0,False,Atomizador toda dirección.,1,6000,1552077077060,1601689078476.0,9500.0,0.5833333333333333
5,1591897458835,1591312433699.0,False,Atomizador toda dirección.,1,6000,1552077077060,1601689078476.0,9500.0,0.5833333333333333
6,1595094704890,1594254547280.0,False,Atomizador toda dirección.,1,6000,1552077077060,1601689078476.0,9500.0,0.5833333333333333
