,idPedido,idUser,esCombo,nombreProducto,cantidadVendida,costoProd,idProducto,idProveedor,precioProd,ganNet
0,1570679870752,1570402302100.0,False,ossion serum,1,19300,1553015417880,1601741886998.0,24500.0,0.26943005181347157
1,1575149993810,1574960816166.0,False,ossion serum,1,19300,1553015417880,1601741886998.0,24500.0,0.26943005181347157
2,1600289616147,1600112377374.0,False,ossion serum,1,19300,1553015417880,1601741886998.0,24500.0,0.26943005181347157
