,idPedido,idUser,esCombo,nombreProducto,cantidadVendida,costoProd,idProducto,idProveedor,precioProd,ganNet
0,1568839804916,1568746059853.0,False,Cuchillas microdentadas wahl,1,47000,1554221402971,1601684853762.0,60000.0,0.27659574468085113
1,1572469923327,1572107795763.0,False,Cuchillas microdentadas wahl,1,47000,1554221402971,1601684853762.0,60000.0,0.27659574468085113
2,1576707429532,1567309750699.0,False,Cuchillas microdentadas wahl,1,47000,1554221402971,1601684853762.0,65000.0,0.38297872340425543
3,1582146687278,1581964595517.0,False,Cuchillas microdentadas wahl,1,47000,1554221402971,1601684853762.0,65000.0,0.38297872340425543
4,1586993268640,1586633658100.0,False,Cuchillas microdentadas wahl,1,47000,1554221402971,1601684853762.0,65000.0,0.38297872340425543
5,1588222580578,1588087119531.0,False,Cuchillas microdentadas wahl,1,47000,1554221402971,1601684853762.0,65000.0,0.38297872340425543
