,idPedido,idUser,esCombo,nombreProducto,cantidadVendida,costoProd,idProducto,idProveedor,precioProd,ganNet
0,1569538794600,1567611049184.0,False,Cera recamier,1,10500,1555389596298,1601684853762.0,12600.0,0.19999999999999996
1,1576177803854,1575568985724.0,False,Cera recamier,1,10500,1555389596298,1601684853762.0,12600.0,0.19999999999999996
2,1579115123663,1574001432525.0,False,Cera recamier,1,10500,1555389596298,1601684853762.0,12600.0,0.19999999999999996
3,1592455361996,1567309750699.0,False,Cera recamier,1,10500,1555389596298,1601684853762.0,12600.0,0.19999999999999996
