,idPedido,idUser,esCombo,nombreProducto,cantidadVendida,costoProd,idProducto,idProveedor,precioProd,ganNet
0,1564519137119,1564183665127.0,False,3 Minoxidil Hairmax Extreme 10% DHT + DOMICILIO GRATIS,1,102000,1555752299647,111.0,162000.0,0.588235294117647
1,1564519163345,1564183665127.0,False,3 Minoxidil Hairmax Extreme 10% DHT + DOMICILIO GRATIS,1,102000,1555752299647,111.0,162000.0,0.588235294117647
2,1564519171760,1564183665127.0,False,3 Minoxidil Hairmax Extreme 10% DHT + DOMICILIO GRATIS,1,102000,1555752299647,111.0,162000.0,0.588235294117647
