,idPedido,idUser,esCombo,nombreProducto,cantidadVendida,costoProd,idProducto,idProveedor,precioProd,ganNet
0,1568235349614,1568139165048.0,False,Guía genérica para wahl #1,1,1500,1555441902179,1601688802034.0,3500.0,1.3333333333333335
1,1588451391250,1579787649602.0,False,Guía genérica para wahl #1,1,1500,1555441902179,1601688802034.0,3500.0,1.3333333333333335
