,idPedido,idUser,esCombo,nombreProducto,cantidadVendida,costoProd,idProducto,idProveedor,precioProd,ganNet
0,1566411400184,1566318049391.0,False,Guía genérica para wahl #2,1,1500,1555442578226,1601688802034.0,3500.0,1.3333333333333335
1,1571850774699,1571114579406.0,False,Guía genérica para wahl #2,1,1500,1555442578226,1601688802034.0,3500.0,1.3333333333333335
2,1578599893655,1578259441027.0,False,Guía genérica para wahl #2,1,1500,1555442578226,1601688802034.0,3500.0,1.3333333333333335
3,1583618054503,1583508219267.0,False,Guía genérica para wahl #2,1,1500,1555442578226,1601688802034.0,3500.0,1.3333333333333335
