,idPedido,idUser,esCombo,nombreProducto,cantidadVendida,costoProd,idProducto,idProveedor,precioProd,ganNet
0,1564667094569,1564496046068.0,False,6 minoxidil Hairmax Plus 5%,2,120000,1555745781146,111.0,139000.0,-0.4208333333333333
1,1564778982739,1564584808383.0,False,6 minoxidil Hairmax Plus 5%,1,120000,1555745781146,111.0,139000.0,0.15833333333333344
