,idPedido,idUser,esCombo,nombreProducto,cantidadVendida,costoProd,idProducto,idProveedor,precioProd,ganNet
0,1563996121210,1563238263415.0,False,3 minoxidil 5% cosmenatural + DOMICILIO GRATIS,1,51000,1556345590415,111.0,75500.0,0.48039215686274517
1,1563996193714,1563818313503.0,False,3 minoxidil 5% cosmenatural + DOMICILIO GRATIS,1,51000,1556345590415,111.0,75500.0,0.48039215686274517
2,1565547096403,1565362929590.0,False,3 minoxidil 5% cosmenatural + DOMICILIO GRATIS,1,51000,1556345590415,111.0,79000.0,0.5490196078431373
