,idPedido,idUser,esCombo,nombreProducto,cantidadVendida,costoProd,idProducto,idProveedor,precioProd,ganNet
0,1565012350505,1564771047639.0,False,Combo Barba 7%,1,69000,1557489778237,111.0,89000.0,0.28985507246376807
1,1567539444008,1567440658591.0,False,Combo Barba 7%,1,76000,1557489778237,111.0,99000.0,0.30263157894736836
2,1567539484045,1567437703907.0,False,Combo Barba 7%,1,76000,1557489778237,111.0,99000.0,0.30263157894736836
3,1567796957644,1567540932636.0,False,Combo Barba 7%,1,76000,1557489778237,111.0,99000.0,0.30263157894736836
4,1569538832411,1569356746857.0,False,Combo Barba 7%,1,69000,1557489778237,111.0,99000.0,0.4347826086956521
