,idPedido,idUser,esCombo,nombreProducto,cantidadVendida,costoProd,idProducto,idProveedor,precioProd,ganNet
0,1564253326553,1564155324538.0,False,Murrays Granpa Harrys Hair Paste 1.8 oz,1,25500,1558801372732,1601689425492.0,39500.0,0.5490196078431373
1,1569538814253,1569367082957.0,False,Murrays Granpa Harrys Hair Paste 1.8 oz,1,25500,1558801372732,1601689425492.0,38500.0,0.5098039215686274
2,1570169306215,1569810283220.0,False,Murrays Granpa Harrys Hair Paste 1.8 oz,1,25500,1558801372732,1601689425492.0,38500.0,0.5098039215686274
3,1571700682876,1571700615642.0,False,Murrays Granpa Harrys Hair Paste 1.8 oz,1,25500,1558801372732,1601689425492.0,38500.0,0.5098039215686274
4,1573677935770,1573397003240.0,False,Murrays Granpa Harrys Hair Paste 1.8 oz,1,25500,1558801372732,1601689425492.0,38500.0,0.5098039215686274
5,1576794459318,1576684399296.0,False,Murrays Granpa Harrys Hair Paste 1.8 oz,1,25500,1558801372732,1601689425492.0,38500.0,0.5098039215686274
