,idPedido,idUser,esCombo,nombreProducto,cantidadVendida,costoProd,idProducto,idProveedor,precioProd,ganNet
0,1576794497522,1576609929775.0,False,Murrays Exelento Pomage 3.5 oz,1,20300,1559940823282,1601689425492.0,29700.0,0.4630541871921183
1,1583530608412,1583407806460.0,False,Murrays Exelento Pomage 3.5 oz,1,20300,1559940823282,1601689425492.0,29700.0,0.4630541871921183
2,1592103799508,1591980453154.0,False,Murrays Exelento Pomage 3.5 oz,1,20300,1559940823282,1601689425492.0,29700.0,0.4630541871921183
