,idPedido,idUser,esCombo,nombreProducto,cantidadVendida,costoProd,idProducto,idProveedor,precioProd,ganNet
0,1570826178586,1570578464429.0,False,Murrays Cocosoft Coconut Oil 12.5 oz,1,12600,1559941322392,1601689425492.0,19950.0,0.5833333333333333
1,1574791576254,1574522402836.0,False,Murrays Cocosoft Coconut Oil 12.5 oz,1,12600,1559941322392,1601689425492.0,19950.0,0.5833333333333333
2,1589589191217,1589268885927.0,False,Murrays Cocosoft Coconut Oil 12.5 oz,1,12600,1559941322392,1601689425492.0,19950.0,0.5833333333333333
3,1590608054537,1589905290431.0,False,Murrays Cocosoft Coconut Oil 12.5 oz,1,12600,1559941322392,1601689425492.0,19950.0,0.5833333333333333
4,1594849450586,1594076196273.0,False,Murrays Cocosoft Coconut Oil 12.5 oz,3,12600,1559941322392,1601689425492.0,59850.0,0.5833333333333333
5,1595094754925,1573921603274.0,False,Murrays Cocosoft Coconut Oil 12.5 oz,1,12600,1559941322392,1601689425492.0,19950.0,0.5833333333333333
6,1595094813707,1594856490014.0,False,Murrays Cocosoft Coconut Oil 12.5 oz,1,12600,1559941322392,1601689425492.0,19950.0,0.5833333333333333
7,1596573880360,1596206217516.0,False,Murrays Cocosoft Coconut Oil 12.5 oz,1,12600,1559941322392,1601689425492.0,19950.0,0.5833333333333333
