,idPedido,idUser,esCombo,nombreProducto,cantidadVendida,costoProd,idProducto,idProveedor,precioProd,ganNet
0,1565375260439,1565109008721.0,False,Cepillo Andis,1,6500,1559248227588,1601684853762.0,11000.0,0.6923076923076923
1,1567631293104,1567309750699.0,False,Cepillo Andis,1,6500,1559248227588,1601684853762.0,11000.0,0.6923076923076923
2,1569538814253,1569367082957.0,False,Cepillo Andis,1,6500,1559248227588,1601684853762.0,11000.0,0.6923076923076923
3,1569538832411,1569356746857.0,False,Cepillo Andis,1,6500,1559248227588,1601684853762.0,11000.0,0.6923076923076923
4,1572469923327,1572107795763.0,False,Cepillo Andis,1,6500,1559248227588,1601684853762.0,11000.0,0.6923076923076923
5,1573161768352,1572964777662.0,False,Cepillo Andis,1,6500,1559248227588,1601684853762.0,11000.0,0.6923076923076923
6,1575046353140,1574869666642.0,False,Cepillo Andis,1,6500,1559248227588,1601684853762.0,11000.0,0.6923076923076923
7,1576098353254,1575992697251.0,False,Cepillo Andis,1,6500,1559248227588,1601684853762.0,11000.0,0.6923076923076923
8,1576352785726,1573502194397.0,False,Cepillo Andis,1,6500,1559248227588,1601684853762.0,11000.0,0.6923076923076923
