,idPedido,idUser,esCombo,nombreProducto,cantidadVendida,costoProd,idProducto,idProveedor,precioProd,ganNet
0,1573250503019,1569381846690.0,False,Murrays Texture King Styling Gel 6 oz,1,15300,1559933467959,1601689425492.0,24600.0,0.607843137254902
1,1581711771827,1581551988544.0,False,Murrays Texture King Styling Gel 6 oz,1,15300,1559933467959,1601689425492.0,24600.0,0.607843137254902
