,idPedido,idUser,esCombo,nombreProducto,cantidadVendida,costoProd,idProducto,idProveedor,precioProd,ganNet
0,1571867865962,1571501368056.0,False,Murrays Cocoso Bergamota 12.5 oz,1,12700,1559941415693,1601689425492.0,19950.0,0.5708661417322836
1,1579730719074,1579539369880.0,False,Murrays Cocoso Bergamota 12.5 oz,1,12700,1559941415693,1601689425492.0,19950.0,0.5708661417322836
2,1580154553566,1579798573271.0,False,Murrays Cocoso Bergamota 12.5 oz,1,12700,1559941415693,1601689425492.0,19950.0,0.5708661417322836
3,1594849450586,1594076196273.0,False,Murrays Cocoso Bergamota 12.5 oz,1,12700,1559941415693,1601689425492.0,19950.0,0.5708661417322836
