,idPedido,idUser,esCombo,nombreProducto,cantidadVendida,costoProd,idProducto,idProveedor,precioProd,ganNet
0,1570926714812,1569543752290.0,False,Edgewax Regular 4 oz,1,17300,1559936503427,1601689425492.0,26300.0,0.5202312138728324
1,1579544507965,1579351104277.0,False,Edgewax Regular 4 oz,2,17300,1559936503427,1601689425492.0,52600.0,0.5202312138728324
2,1581449770128,1581087622995.0,False,Edgewax Regular 4 oz,1,17300,1559936503427,1601689425492.0,26300.0,0.5202312138728324
3,1582056820956,1581712871974.0,False,Edgewax Regular 4 oz,1,17300,1559936503427,1601689425492.0,26300.0,0.5202312138728324
4,1595695299497,1595520275398.0,False,Edgewax Regular 4 oz,1,17300,1559936503427,1601689425492.0,26300.0,0.5202312138728324
