,idPedido,idUser,esCombo,nombreProducto,cantidadVendida,costoProd,idProducto,idProveedor,precioProd,ganNet
0,1574708052925,1574360010749.0,False,Set de manicure caja blanca,1,13000,1560282605425,1601684853762.0,29700.0,1.2846153846153845
1,1583789327730,1582215787257.0,False,Set de manicure caja blanca,1,13000,1560282605425,1601684853762.0,29700.0,1.2846153846153845
2,1592455203120,1592163262896.0,False,Set de manicure caja blanca,1,13000,1560282605425,1601684853762.0,24700.0,0.8999999999999999
3,1592693563725,1592163272323.0,False,Set de manicure caja blanca,1,13000,1560282605425,1601684853762.0,24700.0,0.8999999999999999
4,1593210728348,1592748941633.0,False,Set de manicure caja blanca,1,13000,1560282605425,1601684853762.0,24700.0,0.8999999999999999
5,1593903034950,1592952603428.0,False,Set de manicure caja blanca,1,13000,1560282605425,1601684853762.0,24700.0,0.8999999999999999
6,1596573893262,1596210643175.0,False,Set de manicure caja blanca,2,13000,1560282605425,1601684853762.0,49400.0,0.8999999999999999
7,1602631677454,1602039095333.0,False,Set de manicure caja blanca,1,13000,1560282605425,1601684853762.0,24700.0,0.8999999999999999
