,idPedido,idUser,esCombo,nombreProducto,cantidadVendida,costoProd,idProducto,idProveedor,precioProd,ganNet
0,1574097343227,1572616544677.0,False,Gel Afeitar Parxs 1 litro,1,16500,1560465064548,1601684640185.0,19900.0,0.20606060606060606
1,1576793784313,1576244630957.0,False,Gel Afeitar Parxs 1 litro,1,16500,1560465064548,1601684640185.0,19900.0,0.20606060606060606
2,1576794819766,1576330854929.0,False,Gel Afeitar Parxs 1 litro,1,16500,1560465064548,1601684640185.0,19900.0,0.20606060606060606
3,1582668877183,1571854494009.0,False,Gel Afeitar Parxs 1 litro,1,16500,1560465064548,1601684640185.0,19900.0,0.20606060606060606
