,idPedido,idUser,esCombo,nombreProducto,cantidadVendida,costoProd,idProducto,idProveedor,precioProd,ganNet
0,1564169963402,1564065929111.0,False,Combo Hair Me Firbra Capilar,1,60000,1560784356988,111.0,75000.0,0.25
1,1567190791962,1567088256235.0,False,Combo Hair Me Firbra Capilar,1,60000,1560784356988,111.0,85000.0,0.41666666666666674
2,1567539518208,1567358888966.0,False,Combo Hair Me Firbra Capilar,1,60000,1560784356988,111.0,85700.0,0.42833333333333323
3,1572732609219,1572317993446.0,False,Combo Hair Me Firbra Capilar,1,60000,1560784356988,111.0,85700.0,0.42833333333333323
