,idPedido,idUser,esCombo,nombreProducto,cantidadVendida,costoProd,idProducto,idProveedor,precioProd,ganNet
0,1568055503489,1567814746189.0,False,Bigen Cafe oscuro 47,1,12400,1560463374617,1601684853762.0,17000.0,0.37096774193548376
1,1572732609219,1572317993446.0,False,Bigen Cafe oscuro 47,1,12400,1560463374617,1601684853762.0,17000.0,0.37096774193548376
2,1574534240110,1574050006477.0,False,Bigen Cafe oscuro 47,1,12400,1560463374617,1601684853762.0,17000.0,0.37096774193548376
3,1579730648862,1572472396165.0,False,Bigen Cafe oscuro 47,1,12400,1560463374617,1601684853762.0,17000.0,0.37096774193548376
4,1588222604179,1586550028480.0,False,Bigen Cafe oscuro 47,1,12400,1560463374617,1601684853762.0,17000.0,0.37096774193548376
5,1591911511656,1588951580187.0,False,Bigen Cafe oscuro 47,1,12400,1560463374617,1601684853762.0,17000.0,0.37096774193548376
6,1592696898503,1592326513580.0,False,Bigen Cafe oscuro 47,1,12400,1560463374617,1601684853762.0,17000.0,0.37096774193548376
7,1596064313090,1595639880433.0,False,Bigen Cafe oscuro 47,1,12400,1560463374617,1601684853762.0,17000.0,0.37096774193548376
8,1601155813607,1600877113484.0,False,Bigen Cafe oscuro 47,1,12400,1560463374617,1601684853762.0,17000.0,0.37096774193548376
