,idPedido,idUser,esCombo,nombreProducto,cantidadVendida,costoProd,idProducto,idProveedor,precioProd,ganNet
0,1582561483900,1582305648027.0,False,Mandil negro,1,45000,1562686251510,1601741792741.0,60000.0,0.33333333333333326
1,1584393879840,1584202253490.0,False,Mandil negro,1,45000,1562686251510,1601741792741.0,60000.0,0.33333333333333326
2,1592693563725,1592163272323.0,False,Mandil negro,1,45000,1562686251510,1601741792741.0,60000.0,0.33333333333333326
3,1592929853509,1592486883915.0,False,Mandil negro,1,45000,1562686251510,1601741792741.0,60000.0,0.33333333333333326
4,1594335603372,1593901843876.0,False,Mandil negro,1,45000,1562686251510,1601741792741.0,60000.0,0.33333333333333326
5,1596573993651,1596251732189.0,False,Mandil negro,1,45000,1562686251510,1601741792741.0,60000.0,0.33333333333333326
6,1596945801839,1596053526715.0,False,Mandil negro,2,45000,1562686251510,1601741792741.0,120000.0,0.33333333333333326
7,1601425339294,1601005457931.0,False,Mandil negro,1,45000,1562686251510,1601741792741.0,60000.0,0.33333333333333326
8,1601841222178,1601653062280.0,False,Mandil negro,1,45000,1562686251510,1601741792741.0,60000.0,0.33333333333333326
