,idPedido,idUser,esCombo,nombreProducto,cantidadVendida,costoProd,idProducto,idProveedor,precioProd,ganNet
0,1568310763087,1568045243193.0,False,Atomizador beauty salon negro,1,6000,1565384615844,1601688802034.0,12000.0,1.0
1,1569697381008,1569099682832.0,False,Atomizador beauty salon negro,1,6000,1565384615844,1601688802034.0,9900.0,0.6499999999999999
2,1582668232223,1582065710140.0,False,Atomizador beauty salon negro,1,6000,1565384615844,1601688802034.0,9900.0,0.6499999999999999
3,1590714000470,1590193346918.0,False,Atomizador beauty salon negro,1,6000,1565384615844,1601688802034.0,9900.0,0.6499999999999999
4,1592101118970,1591496143424.0,False,Atomizador beauty salon negro,1,6000,1565384615844,1601688802034.0,9900.0,0.6499999999999999
5,1600733338373,1592114655879.0,False,Atomizador beauty salon negro,1,6000,1565384615844,1601688802034.0,9900.0,0.6499999999999999
