,idPedido,idUser,esCombo,nombreProducto,cantidadVendida,costoProd,idProducto,idProveedor,precioProd,ganNet
0,1574791610699,1574356960344.0,False,Talco Pinaud Whisky,1,15000,1565890289865,1601689078476.0,19900.0,0.32666666666666666
1,1581364858450,1574321944005.0,False,Talco Pinaud Whisky,1,15000,1565890289865,1601689078476.0,19900.0,0.32666666666666666
