,idPedido,idUser,esCombo,nombreProducto,cantidadVendida,costoProd,idProducto,idProveedor,precioProd,ganNet
0,1573334987438,1573163147921.0,False,Sacudidor en madera curada,1,16200,1565381741116,1601688802034.0,21900.0,0.35185185185185186
1,1574534100193,1574161602065.0,False,Sacudidor en madera curada,1,16200,1565381741116,1601688802034.0,21900.0,0.35185185185185186
2,1589163601959,1583677354080.0,False,Sacudidor en madera curada,1,16200,1565381741116,1601688802034.0,21900.0,0.35185185185185186
3,1595094704890,1594254547280.0,False,Sacudidor en madera curada,1,16200,1565381741116,1601688802034.0,21900.0,0.35185185185185186
4,1598381265670,1598021736937.0,False,Sacudidor en madera curada,1,16200,1565381741116,1601688802034.0,21900.0,0.35185185185185186
