,idPedido,idUser,esCombo,nombreProducto,cantidadVendida,costoProd,idProducto,idProveedor,precioProd,ganNet
0,1593292187553,1588047602959.0,False,Jarra esterilizador 27.oz,1,28600,1565380638039,1601688802034.0,41900.0,0.465034965034965
1,1596945801839,1596053526715.0,False,Jarra esterilizador 27.oz,1,28600,1565380638039,1601688802034.0,41900.0,0.465034965034965
2,1599010454666,1598722377792.0,False,Jarra esterilizador 27.oz,1,28600,1565380638039,1601688802034.0,41900.0,0.465034965034965
