,idPedido,idUser,esCombo,nombreProducto,cantidadVendida,costoProd,idProducto,idProveedor,precioProd,ganNet
0,1569875109645,1569683150276.0,False,Mascarilla nevada puntos negros frutos del bosque,1,10400,1565822067515,1601684853762.0,15900.0,0.5288461538461537
1,1572654114801,1572315254203.0,False,Mascarilla nevada puntos negros frutos del bosque,1,10400,1565822067515,1601684853762.0,15900.0,0.5288461538461537
2,1578080879590,1577905824588.0,False,Mascarilla nevada puntos negros frutos del bosque,1,10400,1565822067515,1601684853762.0,15900.0,0.5288461538461537
3,1582385657643,1582215787257.0,False,Mascarilla nevada puntos negros frutos del bosque,1,10400,1565822067515,1601684853762.0,15900.0,0.5288461538461537
4,1584229079593,1584111846793.0,False,Mascarilla nevada puntos negros frutos del bosque,1,10400,1565822067515,1601684853762.0,15900.0,0.5288461538461537
5,1584480826682,1584385263976.0,False,Mascarilla nevada puntos negros frutos del bosque,1,10400,1565822067515,1601684853762.0,15900.0,0.5288461538461537
6,1585341634327,1584733922026.0,False,Mascarilla nevada puntos negros frutos del bosque,1,10400,1565822067515,1601684853762.0,15900.0,0.5288461538461537
7,1589235742278,1588688030985.0,False,Mascarilla nevada puntos negros frutos del bosque,1,10400,1565822067515,1601684853762.0,15900.0,0.5288461538461537
