,idPedido,idUser,esCombo,nombreProducto,cantidadVendida,costoProd,idProducto,idProveedor,precioProd,ganNet
0,1596946156074,1588743799842.0,False,Acondicionador Mango Uva Karicia + DOMICILIO GRATIS,1,11200,1565913781366,1601684853762.0,28500.0,1.5446428571428572
1,1601757592449,1601581598315.0,False,Acondicionador Mango Uva Karicia + DOMICILIO GRATIS,1,11200,1565913781366,1601684853762.0,28500.0,1.5446428571428572
