,idPedido,idUser,esCombo,nombreProducto,cantidadVendida,costoProd,idProducto,idProveedor,precioProd,ganNet
0,1568497833240,1568347955265.0,False,Crema Facial Anti Arrugas con colageno,1,15750,1565822537022,1601684853762.0,22400.0,0.4222222222222223
1,1580591330341,1580591124584.0,False,Crema Facial Anti Arrugas con colageno,1,15750,1565822537022,1601684853762.0,22400.0,0.4222222222222223
2,1589585557394,1588121055924.0,False,Crema Facial Anti Arrugas con colageno,1,15750,1565822537022,1601684853762.0,22400.0,0.4222222222222223
3,1601323931223,1578095956826.0,False,Crema Facial Anti Arrugas con colageno,1,15750,1565822537022,1601684853762.0,22400.0,0.4222222222222223
