,idPedido,idUser,esCombo,nombreProducto,cantidadVendida,costoProd,idProducto,idProveedor,precioProd,ganNet
0,1575755980621,1572212689704.0,False,Jarra esterilizador 41.oz,1,32000,1565380839104,1601688802034.0,47400.0,0.48124999999999996
1,1579544537135,1577101538121.0,False,Jarra esterilizador 41.oz,1,32000,1565380839104,1601688802034.0,49500.0,0.546875
2,1581017558344,1580506679183.0,False,Jarra esterilizador 41.oz,1,32000,1565380839104,1601688802034.0,49500.0,0.546875
3,1589235742278,1588688030985.0,False,Jarra esterilizador 41.oz,1,32000,1565380839104,1601688802034.0,49500.0,0.546875
4,1589850803005,1589299052101.0,False,Jarra esterilizador 41.oz,1,32000,1565380839104,1601688802034.0,49500.0,0.546875
5,1593061303105,1592338049993.0,False,Jarra esterilizador 41.oz,1,32000,1565380839104,1601688802034.0,49500.0,0.546875
6,1601159220279,1598301058227.0,False,Jarra esterilizador 41.oz,1,32000,1565380839104,1601688802034.0,49500.0,0.546875
