,idPedido,idUser,esCombo,nombreProducto,cantidadVendida,costoProd,idProducto,idProveedor,precioProd,ganNet
0,1568839823502,1568741568217.0,False,Sacudidor mango plano negro,1,3000,1565385405782,1601688802034.0,6500.0,1.1666666666666665
1,1570922756455,1570293534243.0,False,Sacudidor mango plano negro,1,3000,1565385405782,1601688802034.0,4600.0,0.5333333333333334
2,1576707847694,1576529639252.0,False,Sacudidor mango plano negro,1,3000,1565385405782,1601688802034.0,4600.0,0.5333333333333334
3,1583878120642,1583717524782.0,False,Sacudidor mango plano negro,1,3000,1565385405782,1601688802034.0,4600.0,0.5333333333333334
4,1584214739703,1583431379816.0,False,Sacudidor mango plano negro,1,3000,1565385405782,1601688802034.0,4600.0,0.5333333333333334
5,1589854117975,1588837241966.0,False,Sacudidor mango plano negro,1,3000,1565385405782,1601688802034.0,4600.0,0.5333333333333334
6,1591239068533,1590929332547.0,False,Sacudidor mango plano negro,1,3000,1565385405782,1601688802034.0,4600.0,0.5333333333333334
7,1591398262761,1591034835163.0,False,Sacudidor mango plano negro,1,3000,1565385405782,1601688802034.0,4600.0,0.5333333333333334
8,1597625218972,1595940287602.0,False,Sacudidor mango plano negro,2,3000,1565385405782,1601688802034.0,9200.0,0.5333333333333334
