,idPedido,idUser,esCombo,nombreProducto,cantidadVendida,costoProd,idProducto,idProveedor,precioProd,ganNet
0,1569700241268,1569540084689.0,False,Kit cepillos,1,15000,1565381029919,1601688802034.0,27400.0,0.8266666666666667
1,1573677935770,1573397003240.0,False,Kit cepillos,1,15000,1565381029919,1601688802034.0,27400.0,0.8266666666666667
2,1574977122431,1574460915425.0,False,Kit cepillos,1,15000,1565381029919,1601688802034.0,27400.0,0.8266666666666667
3,1589324289404,1589031758489.0,False,Kit cepillos,1,15000,1565381029919,1601688802034.0,27400.0,0.8266666666666667
4,1589585373737,1588878739192.0,False,Kit cepillos,1,15000,1565381029919,1601688802034.0,27400.0,0.8266666666666667
5,1600482347216,1600112249505.0,False,Kit cepillos,1,15000,1565381029919,1601688802034.0,27400.0,0.8266666666666667
