,idPedido,idUser,esCombo,nombreProducto,cantidadVendida,costoProd,idProducto,idProveedor,precioProd,ganNet
0,1575500656741,1569523991158.0,False,Shampoo Karicia Rosas & Limón + DOMICILIO GRATIS,1,11200,1565822172501,1601684853762.0,28500.0,1.5446428571428572
1,1601323931223,1578095956826.0,False,Shampoo Karicia Rosas & Limón + DOMICILIO GRATIS,1,11200,1565822172501,1601684853762.0,28500.0,1.5446428571428572
