,idPedido,idUser,esCombo,nombreProducto,cantidadVendida,costoProd,idProducto,idProveedor,precioProd,ganNet
0,1582668570567,1582396823690.0,False,Atomizador atenea bolita,1,2700,1565646868106,111.0,5400.0,1.0
1,1583003236014,1582647232454.0,False,Atomizador atenea bolita,1,2700,1565646868106,111.0,5400.0,1.0
2,1586993325957,1586546620874.0,False,Atomizador atenea bolita,1,2100,1565646868106,111.0,5500.0,1.619047619047619
3,1588741517200,1588428828708.0,False,Atomizador atenea bolita,1,2100,1565646868106,111.0,5500.0,1.619047619047619
4,1589850719911,1581794875537.0,False,Atomizador atenea bolita,1,2100,1565646868106,111.0,5500.0,1.619047619047619
5,1591664008741,1591205047177.0,False,Atomizador atenea bolita,1,2100,1565646868106,111.0,5500.0,1.619047619047619
