,idPedido,idUser,esCombo,nombreProducto,cantidadVendida,costoProd,idProducto,idProveedor,precioProd,ganNet
0,1576975410186,1576975356806.0,False,Shampoo Karicia Moringa + DOMICILIO GRATIS,1,11200,1565822389677,1601684853762.0,28500.0,1.5446428571428572
1,1577499343294,1570415417703.0,False,Shampoo Karicia Moringa + DOMICILIO GRATIS,1,11200,1565822389677,1601684853762.0,28500.0,1.5446428571428572
