,idPedido,idUser,esCombo,nombreProducto,cantidadVendida,costoProd,idProducto,idProveedor,precioProd,ganNet
0,1566500261170,1566402470619.0,False,Cera Gummy Roja Brillante,1,17500,1565397021175,1601684853762.0,34900.0,0.9942857142857142
1,1569007822560,1568837178303.0,False,Cera Gummy Roja Brillante,1,17500,1565397021175,1601684853762.0,24300.0,0.38857142857142857
2,1577999044023,1577803961130.0,False,Cera Gummy Roja Brillante,1,17500,1565397021175,1601684853762.0,24700.0,0.4114285714285715
3,1581545771040,1581365496002.0,False,Cera Gummy Roja Brillante,2,17500,1565397021175,1601684853762.0,49400.0,0.4114285714285715
4,1581711792187,1581605590432.0,False,Cera Gummy Roja Brillante,1,17500,1565397021175,1601684853762.0,24700.0,0.4114285714285715
5,1584135906452,1583867695779.0,False,Cera Gummy Roja Brillante,1,17500,1565397021175,1601684853762.0,24700.0,0.4114285714285715
6,1594864183851,1594742518608.0,False,Cera Gummy Roja Brillante,1,17500,1565397021175,1601684853762.0,26700.0,0.5257142857142858
7,1595094837917,1594879726154.0,False,Cera Gummy Roja Brillante,1,17500,1565397021175,1601684853762.0,26700.0,0.5257142857142858
