,idPedido,idUser,esCombo,nombreProducto,cantidadVendida,costoProd,idProducto,idProveedor,precioProd,ganNet
0,1570679883312,1570389834255.0,False,Barbera Peluchin Negra,1,4500,1565386670517,1601688802034.0,8900.0,0.9777777777777779
1,1574976417210,1574530284119.0,False,Barbera Peluchin Negra,1,4500,1565386670517,1601688802034.0,8900.0,0.9777777777777779
2,1583967329106,1583639830197.0,False,Barbera Peluchin Negra,1,4500,1565386670517,1601688802034.0,8900.0,0.9777777777777779
3,1588741459344,1579773888664.0,False,Barbera Peluchin Negra,1,4500,1565386670517,1601688802034.0,8900.0,0.9777777777777779
4,1590108187236,1589319811459.0,False,Barbera Peluchin Negra,1,4500,1565386670517,1601688802034.0,8900.0,0.9777777777777779
