,idPedido,idUser,esCombo,nombreProducto,cantidadVendida,costoProd,idProducto,idProveedor,precioProd,ganNet
0,1574203603699,1574001432525.0,False,Perfume Hugo Boss Unlimite + DOMICILIO GRATIS,1,9000,1565906894459,111.0,23000.0,1.5555555555555554
1,1574288200712,1573919076220.0,False,Perfume Hugo Boss Unlimite + DOMICILIO GRATIS,1,9000,1565906894459,111.0,23000.0,1.5555555555555554
2,1578000373099,1576690839474.0,False,Perfume Hugo Boss Unlimite + DOMICILIO GRATIS,1,9000,1565906894459,111.0,23000.0,1.5555555555555554
