,idPedido,idUser,esCombo,nombreProducto,cantidadVendida,costoProd,idProducto,idProveedor,precioProd,ganNet
0,1566950525259,1566834819677.0,False,Barbera madera negra mega,1,22000,1565383889462,1601688802034.0,33000.0,0.5
1,1567024958736,1566934612922.0,False,Barbera madera negra mega,1,22000,1565383889462,1601688802034.0,33000.0,0.5
2,1567631293104,1567309750699.0,False,Barbera madera negra mega,1,22000,1565383889462,1601688802034.0,33000.0,0.5
3,1567899155978,1566679123517.0,False,Barbera madera negra mega,1,22000,1565383889462,1601688802034.0,33000.0,0.5
4,1568055545713,1567868775721.0,False,Barbera madera negra mega,1,22000,1565383889462,1601688802034.0,33000.0,0.5
5,1573335143065,1573055902776.0,False,Barbera madera negra mega,1,22000,1565383889462,1601688802034.0,33400.0,0.5181818181818181
6,1576006811818,1572629626508.0,False,Barbera madera negra mega,1,22000,1565383889462,1601688802034.0,33400.0,0.5181818181818181
7,1581711879702,1581607450295.0,False,Barbera madera negra mega,1,22000,1565383889462,1601688802034.0,33400.0,0.5181818181818181
8,1587261423713,1586164895405.0,False,Barbera madera negra mega,1,22000,1565383889462,1601688802034.0,33400.0,0.5181818181818181
