,idPedido,idUser,esCombo,nombreProducto,cantidadVendida,costoProd,idProducto,idProveedor,precioProd,ganNet
0,1566003056849,1566002949378.0,False,Invictus paco raban + DOMICILIO GRATIS,1,16100,1565906607910,111.0,27900.0,0.7329192546583851
1,1566418808074,1566418708637.0,False,Invictus paco raban + DOMICILIO GRATIS,1,16100,1565906607910,111.0,27900.0,0.7329192546583851
