,idPedido,idUser,esCombo,nombreProducto,cantidadVendida,costoProd,idProducto,idProveedor,precioProd,ganNet
0,1568748865518,1568650288163.0,False,kit viajero Trimmer,1,35000,1565380289273,1601688802034.0,76900.0,1.197142857142857
1,1576187857723,1576038186088.0,False,kit viajero Trimmer,1,35000,1565380289273,1601688802034.0,53700.0,0.5342857142857143
2,1589235246914,1586372314341.0,False,kit viajero Trimmer,1,35000,1565380289273,1601688802034.0,53700.0,0.5342857142857143
