,idPedido,idUser,esCombo,nombreProducto,cantidadVendida,costoProd,idProducto,idProveedor,precioProd,ganNet
0,1566003056849,1566002949378.0,False,Star Walker Mont Blanc + DOMICILIO GRATIS,1,16200,1565906778199,111.0,27900.0,0.7222222222222223
1,1567631293104,1567309750699.0,False,Star Walker Mont Blanc + DOMICILIO GRATIS,1,16200,1565906778199,111.0,27900.0,0.7222222222222223
