,idPedido,idUser,esCombo,nombreProducto,cantidadVendida,costoProd,idProducto,idProveedor,precioProd,ganNet
0,1581449414187,1581260323142.0,False,Espejo mango trasero,1,16000,1565381259799,1601688802034.0,20900.0,0.3062499999999999
1,1593565457688,1593016674457.0,False,Espejo mango trasero,1,16000,1565381259799,1601688802034.0,20900.0,0.3062499999999999
