,idPedido,idUser,esCombo,nombreProducto,cantidadVendida,costoProd,idProducto,idProveedor,precioProd,ganNet
0,1568748897755,1568603429993.0,False,Tapa bocas diseño fondo negro,1,300,1565383325601,111.0,950.0,2.1666666666666665
1,1571255982433,1571004965089.0,False,Tapa bocas diseño fondo negro,10,300,1565383325601,111.0,950.0,-0.6833333333333333
2,1576353304767,1576257251431.0,False,Tapa bocas diseño fondo negro,2,300,1565383325601,111.0,1900.0,2.1666666666666665
3,1578427242757,1576683693175.0,False,Tapa bocas diseño fondo negro,5,300,1565383325601,111.0,4750.0,2.1666666666666665
4,1578599908012,1571745304157.0,False,Tapa bocas diseño fondo negro,1,300,1565383325601,111.0,950.0,2.1666666666666665
5,1583003236014,1582647232454.0,False,Tapa bocas diseño fondo negro,16,300,1565383325601,111.0,15200.0,2.1666666666666665
6,1583254049628,1582742326813.0,False,Tapa bocas diseño fondo negro,1,300,1565383325601,111.0,950.0,2.1666666666666665
7,1583878051652,1583606313028.0,False,Tapa bocas diseño fondo negro,10,300,1565383325601,111.0,9500.0,2.1666666666666665
8,1584632357561,1584156832031.0,False,Tapa bocas diseño fondo negro,4,800,1565383325601,111.0,6000.0,0.875
