,idPedido,idUser,esCombo,nombreProducto,cantidadVendida,costoProd,idProducto,idProveedor,precioProd,ganNet
0,1567710226823,1566741232131.0,False,Cera Rolda Pinta Barba Café,1,21000,1565914341064,1601689078476.0,29500.0,0.40476190476190466
1,1570679637438,1570309580991.0,False,Cera Rolda Pinta Barba Café,1,21000,1565914341064,1601689078476.0,29500.0,0.40476190476190466
2,1574791817528,1569847143702.0,False,Cera Rolda Pinta Barba Café,1,21000,1565914341064,1601689078476.0,29500.0,0.40476190476190466
