,idPedido,idUser,esCombo,nombreProducto,cantidadVendida,costoProd,idProducto,idProveedor,precioProd,ganNet
0,1567024884259,1566505155272.0,False,Aceite Wahl 4oz,1,6500,1565133777987,1601684853762.0,9500.0,0.46153846153846145
1,1574976450136,1574703887667.0,False,Aceite Wahl 4oz,1,6500,1565133777987,1601684853762.0,12900.0,0.9846153846153847
2,1576794819766,1576330854929.0,False,Aceite Wahl 4oz,1,6500,1565133777987,1601684853762.0,12900.0,0.9846153846153847
3,1577215334060,1577111326346.0,False,Aceite Wahl 4oz,3,6500,1565133777987,1601684853762.0,12900.0,-0.3384615384615385
4,1580847583277,1579787649602.0,False,Aceite Wahl 4oz,1,6500,1565133777987,1601684853762.0,12900.0,0.9846153846153847
5,1587696572351,1586399731132.0,False,Aceite Wahl 4oz,1,6500,1565133777987,1601684853762.0,12900.0,0.9846153846153847
6,1587866280276,1587365739589.0,False,Aceite Wahl 4oz,1,6500,1565133777987,1601684853762.0,12900.0,0.9846153846153847
