,idPedido,idUser,esCombo,nombreProducto,cantidadVendida,costoProd,idProducto,idProveedor,precioProd,ganNet
0,1566500295603,1566396464877.0,False,Barbera madera negro mate,1,21000,1565382942522,1601688802034.0,28900.0,0.3761904761904762
1,1566950525259,1566834819677.0,False,Barbera madera negro mate,1,21000,1565382942522,1601688802034.0,28900.0,0.3761904761904762
2,1578427271898,1576232845000.0,False,Barbera madera negro mate,1,21000,1565382942522,1601688802034.0,29700.0,0.41428571428571437
3,1582148363857,1581182978707.0,False,Barbera madera negro mate,1,21000,1565382942522,1601688802034.0,29700.0,0.41428571428571437
4,1585603182173,1585060616623.0,False,Barbera madera negro mate,1,21000,1565382942522,1601688802034.0,29700.0,0.41428571428571437
5,1590536833625,1590092967937.0,False,Barbera madera negro mate,1,21000,1565382942522,1601688802034.0,29700.0,0.41428571428571437
6,1591121271360,1590691597468.0,False,Barbera madera negro mate,1,21000,1565382942522,1601688802034.0,29700.0,0.41428571428571437
