,idPedido,idUser,esCombo,nombreProducto,cantidadVendida,costoProd,idProducto,idProveedor,precioProd,ganNet
0,1570923047726,1570320056304.0,False,Cuadro barbería,1,12000,1565379808764,1601688802034.0,19700.0,0.6416666666666666
1,1575755980621,1572212689704.0,False,Cuadro barbería,1,12000,1565379808764,1601688802034.0,19700.0,0.6416666666666666
2,1579218710244,1578494278272.0,False,Cuadro barbería,1,12000,1565379808764,1601688802034.0,19700.0,0.6416666666666666
