,idPedido,idUser,esCombo,nombreProducto,cantidadVendida,costoProd,idProducto,idProveedor,precioProd,ganNet
0,1566370408410,1566254253489.0,False,Set Tijeras Negras Profesionales,1,40000,1566324347236,111.0,54900.0,0.37250000000000005
1,1566371007944,1566254253489.0,False,Set Tijeras Negras Profesionales,1,40000,1566324347236,111.0,54900.0,0.37250000000000005
2,1567539431056,1567444635294.0,False,Set Tijeras Negras Profesionales,1,40000,1566324347236,111.0,54900.0,0.37250000000000005
3,1568497787540,1568402840722.0,False,Set Tijeras Negras Profesionales,1,40000,1566324347236,111.0,54900.0,0.37250000000000005
4,1568497793423,1568399998684.0,False,Set Tijeras Negras Profesionales,1,40000,1566324347236,111.0,54900.0,0.37250000000000005
5,1568748952404,1568499545099.0,False,Set Tijeras Negras Profesionales,1,40000,1566324347236,111.0,54900.0,0.37250000000000005
6,1570924465614,1568764262837.0,False,Set Tijeras Negras Profesionales,1,40000,1566324347236,111.0,54900.0,0.37250000000000005
