,idPedido,idUser,esCombo,nombreProducto,cantidadVendida,costoProd,idProducto,idProveedor,precioProd,ganNet
0,1567539518208,1567358888966.0,False,Multivitaminico Nextgen,1,32000,1566634303976,111.0,45000.0,0.40625
1,1586477335919,1581436918633.0,False,Multivitaminico Nextgen,1,32000,1566634303976,111.0,45000.0,0.40625
2,1587872389654,1587759787186.0,False,Multivitaminico Nextgen,1,32000,1566634303976,111.0,45000.0,0.40625
3,1588136333694,1587775567326.0,False,Multivitaminico Nextgen,1,32000,1566634303976,111.0,45000.0,0.40625
4,1592099039696,1591580452876.0,False,Multivitaminico Nextgen,1,32000,1566634303976,111.0,45000.0,0.40625
