,idPedido,idUser,esCombo,nombreProducto,cantidadVendida,costoProd,idProducto,idProveedor,precioProd,ganNet
0,1569697381008,1569099682832.0,False,Limpiador facial exfoliante facial elegance aloe vera,1,19000,1566587692304,1601687067772.0,28900.0,0.5210526315789474
1,1599369054386,1599205854016.0,False,Limpiador facial exfoliante facial elegance aloe vera,1,19000,1566587692304,1601687067772.0,28900.0,0.5210526315789474
