,idPedido,idUser,esCombo,nombreProducto,cantidadVendida,costoProd,idProducto,idProveedor,precioProd,ganNet
0,1576707429532,1567309750699.0,False,Gel de afeitar Elegance Venus,1,19000,1566588160254,1601687067772.0,29900.0,0.5736842105263158
1,1577829830189,1563565926582.0,False,Gel de afeitar Elegance Venus,1,19000,1566588160254,1601687067772.0,29900.0,0.5736842105263158
2,1580847514047,1580689980407.0,False,Gel de afeitar Elegance Venus,1,19000,1566588160254,1601687067772.0,29900.0,0.5736842105263158
3,1586477406237,1584033195638.0,False,Gel de afeitar Elegance Venus,1,19000,1566588160254,1601687067772.0,29900.0,0.5736842105263158
