,idPedido,idUser,esCombo,nombreProducto,cantidadVendida,costoProd,idProducto,idProveedor,precioProd,ganNet
0,1568309951436,1568056663331.0,False,Hair Serum Elegance,1,27000,1566690692156,1601687067772.0,39700.0,0.4703703703703703
1,1577475972139,1576960860551.0,False,Hair Serum Elegance,1,27000,1566690692156,1601687067772.0,39400.0,0.45925925925925926
2,1589854221803,1589474478234.0,False,Hair Serum Elegance,1,27000,1566690692156,1601687067772.0,39400.0,0.45925925925925926
