,idPedido,idUser,esCombo,nombreProducto,cantidadVendida,costoProd,idProducto,idProveedor,precioProd,ganNet
0,1567289375393,1566679123517.0,False,Espejo redondo 1 solo agarre en fomi,1,11000,1566328019187,1601688802034.0,22000.0,1.0
1,1587696572351,1586399731132.0,False,Espejo redondo 1 solo agarre en fomi,1,11000,1566328019187,1601688802034.0,19900.0,0.8090909090909091
2,1588136318910,1579315466200.0,False,Espejo redondo 1 solo agarre en fomi,1,11000,1566328019187,1601688802034.0,19900.0,0.8090909090909091
3,1597183333753,1595883542075.0,False,Espejo redondo 1 solo agarre en fomi,1,11000,1566328019187,1601688802034.0,19900.0,0.8090909090909091
4,1600288281907,1599857109472.0,False,Espejo redondo 1 solo agarre en fomi,1,11000,1566328019187,1601688802034.0,19900.0,0.8090909090909091
5,1600289251443,1595222756827.0,False,Espejo redondo 1 solo agarre en fomi,1,11000,1566328019187,1601688802034.0,19900.0,0.8090909090909091
