,idPedido,idUser,esCombo,nombreProducto,cantidadVendida,costoProd,idProducto,idProveedor,precioProd,ganNet
0,1591897547113,1591416598358.0,False,After shave Elegance soothes irritation VERDE,1,22000,1566586764342,1601687067772.0,29900.0,0.3590909090909091
1,1593921922621,1593625122488.0,False,After shave Elegance soothes irritation VERDE,1,22000,1566586764342,1601687067772.0,29900.0,0.3590909090909091
2,1601156005444,1600962278938.0,False,After shave Elegance soothes irritation VERDE,1,22000,1566586764342,1601687067772.0,29900.0,0.3590909090909091
