,idPedido,idUser,esCombo,nombreProducto,cantidadVendida,costoProd,idProducto,idProveedor,precioProd,ganNet
0,1574976450136,1574703887667.0,False,Elegance Gel Wax Hard NARANJA ,1,15500,1566586459893,1601687067772.0,22900.0,0.4774193548387098
1,1575470025989,1574805699315.0,False,Elegance Gel Wax Hard NARANJA ,1,15500,1566586459893,1601687067772.0,22900.0,0.4774193548387098
2,1581186529817,1581023070092.0,False,Elegance Gel Wax Hard NARANJA ,1,15500,1566586459893,1601687067772.0,22900.0,0.4774193548387098
