,idPedido,idUser,esCombo,nombreProducto,cantidadVendida,costoProd,idProducto,idProveedor,precioProd,ganNet
0,1570918453519,1570574745750.0,False,Pomada brillante elegance,1,20500,1566586167289,1601687067772.0,31200.0,0.5219512195121951
1,1575500656741,1569523991158.0,False,Pomada brillante elegance,1,20500,1566586167289,1601687067772.0,31900.0,0.5560975609756098
2,1593902900103,1593390171190.0,False,Pomada brillante elegance,1,20500,1566586167289,1601687067772.0,31900.0,0.5560975609756098
