,idPedido,idUser,esCombo,nombreProducto,cantidadVendida,costoProd,idProducto,idProveedor,precioProd,ganNet
0,1575500656741,1569523991158.0,False,Limpiador facial exfoliante Elegance Hierbas mixtas,1,19000,1566587887887,1601687067772.0,28900.0,0.5210526315789474
1,1587516755834,1587165132236.0,False,Limpiador facial exfoliante Elegance Hierbas mixtas,1,19000,1566587887887,1601687067772.0,28900.0,0.5210526315789474
2,1591239122919,1590914495625.0,False,Limpiador facial exfoliante Elegance Hierbas mixtas,1,19000,1566587887887,1601687067772.0,28900.0,0.5210526315789474
3,1592693967145,1592407133414.0,False,Limpiador facial exfoliante Elegance Hierbas mixtas,1,19000,1566587887887,1601687067772.0,28900.0,0.5210526315789474
