,idPedido,idUser,esCombo,nombreProducto,cantidadVendida,costoProd,idProducto,idProveedor,precioProd,ganNet
0,1569007822560,1568837178303.0,False,Guantes nitrilo Elegance rojos (TALLA M),1,30000,1566616722459,1601687067772.0,45600.0,0.52
1,1576352837959,1576166829603.0,False,Guantes nitrilo Elegance rojos (TALLA M),1,30000,1566616722459,1601687067772.0,39900.0,0.33000000000000007
2,1578000373099,1576690839474.0,False,Guantes nitrilo Elegance rojos (TALLA M),1,30000,1566616722459,1601687067772.0,39900.0,0.33000000000000007
3,1579980222016,1579816652599.0,False,Guantes nitrilo Elegance rojos (TALLA M),1,30000,1566616722459,1601687067772.0,39900.0,0.33000000000000007
4,1580323893431,1579726715798.0,False,Guantes nitrilo Elegance rojos (TALLA M),1,30000,1566616722459,1601687067772.0,39900.0,0.33000000000000007
5,1583003236014,1582647232454.0,False,Guantes nitrilo Elegance rojos (TALLA M),1,30000,1566616722459,1601687067772.0,39900.0,0.33000000000000007
