,idPedido,idUser,esCombo,nombreProducto,cantidadVendida,costoProd,idProducto,idProveedor,precioProd,ganNet
0,1566950525259,1566834819677.0,False,Porta cuchillas plastico,1,5500,1566062030601,1601689078476.0,8000.0,0.4545454545454546
1,1567796935267,1567306728688.0,False,Porta cuchillas plastico,1,5500,1566062030601,1601689078476.0,8000.0,0.4545454545454546
2,1589168961812,1584033195638.0,False,Porta cuchillas plastico,1,5500,1566062030601,1601689078476.0,8000.0,0.4545454545454546
