,idPedido,idUser,esCombo,nombreProducto,cantidadVendida,costoProd,idProducto,idProveedor,precioProd,ganNet
0,1577566882675,1577458244221.0,False,Limpiador facial exfoliante Elegance menta fresca,1,18000,1566587820958,1601687067772.0,28900.0,0.6055555555555556
1,1584632379191,1584465378799.0,False,Limpiador facial exfoliante Elegance menta fresca,1,18000,1566587820958,1601687067772.0,28900.0,0.6055555555555556
2,1588126742699,1580087943407.0,False,Limpiador facial exfoliante Elegance menta fresca,1,18000,1566587820958,1601687067772.0,28900.0,0.6055555555555556
3,1592103146519,1584293638196.0,False,Limpiador facial exfoliante Elegance menta fresca,1,18000,1566587820958,1601687067772.0,28900.0,0.6055555555555556
4,1597791289268,1596064622802.0,False,Limpiador facial exfoliante Elegance menta fresca,1,18000,1566587820958,1601687067772.0,28900.0,0.6055555555555556
