,idPedido,idUser,esCombo,nombreProducto,cantidadVendida,costoProd,idProducto,idProveedor,precioProd,ganNet
0,1586477406237,1584033195638.0,False,After Shave Elegance Invigorating ROSADO,1,22000,1566587179182,1601687067772.0,29900.0,0.3590909090909091
1,1601156081538,1600969371267.0,False,After Shave Elegance Invigorating ROSADO,1,22000,1566587179182,1601687067772.0,29900.0,0.3590909090909091
