,idPedido,idUser,esCombo,nombreProducto,cantidadVendida,costoProd,idProducto,idProveedor,precioProd,ganNet
0,1567288910399,1567181668705.0,False,Gel para afeitar Gummy,1,17000,1566690817021,1601751511511.0,34700.0,1.0411764705882351
1,1567894587684,1567209474477.0,False,Gel para afeitar Gummy,1,17000,1566690817021,1601751511511.0,34700.0,1.0411764705882351
2,1569617386679,1569444724972.0,False,Gel para afeitar Gummy,1,17000,1566690817021,1601751511511.0,24700.0,0.4529411764705882
3,1572395339268,1572271824069.0,False,Gel para afeitar Gummy,1,17000,1566690817021,1601751511511.0,24700.0,0.4529411764705882
