,idPedido,idUser,esCombo,nombreProducto,cantidadVendida,costoProd,idProducto,idProveedor,precioProd,ganNet
0,1568490937167,1566679123517.0,False,Gel Afeitar Elegance Jupiter,1,22000,1566588340473,1601687067772.0,33500.0,0.5227272727272727
1,1577499165245,1577385888565.0,False,Gel Afeitar Elegance Jupiter,1,22000,1566588340473,1601687067772.0,29900.0,0.3590909090909091
2,1595458511350,1595222756827.0,False,Gel Afeitar Elegance Jupiter,1,22000,1566588340473,1601687067772.0,29900.0,0.3590909090909091
3,1597885557393,1567309750699.0,False,Gel Afeitar Elegance Jupiter,1,22000,1566588340473,1601687067772.0,29900.0,0.3590909090909091
