,idPedido,idUser,esCombo,nombreProducto,cantidadVendida,costoProd,idProducto,idProveedor,precioProd,ganNet
0,1569697381008,1569099682832.0,False,Guantes nitrilo Elegance rosados (TALLA M),1,30000,1566587541061,1601687067772.0,45600.0,0.52
1,1577652132767,1577568146715.0,False,Guantes nitrilo Elegance rosados (TALLA M),1,30000,1566587541061,1601687067772.0,39900.0,0.33000000000000007
2,1582150078362,1581911195950.0,False,Guantes nitrilo Elegance rosados (TALLA M),1,30000,1566587541061,1601687067772.0,39900.0,0.33000000000000007
3,1583878051652,1583606313028.0,False,Guantes nitrilo Elegance rosados (TALLA M),1,30000,1566587541061,1601687067772.0,39900.0,0.33000000000000007
