,idPedido,idUser,esCombo,nombreProducto,cantidadVendida,costoProd,idProducto,idProveedor,precioProd,ganNet
0,1581364922394,1578684767307.0,False,Espejo redondo con pala,1,10000,1566328058795,1601688802034.0,18900.0,0.8899999999999999
1,1586651166234,1585667727134.0,False,Espejo redondo con pala,1,10000,1566328058795,1601688802034.0,18900.0,0.8899999999999999
