,idPedido,idUser,esCombo,nombreProducto,cantidadVendida,costoProd,idProducto,idProveedor,precioProd,ganNet
0,1575046173070,1574179261696.0,False,Elegance gel wax soft VERDE,1,15500,1566586594219,1601687067772.0,22900.0,0.4774193548387098
1,1575427773200,1574967057365.0,False,Elegance gel wax soft VERDE,1,15500,1566586594219,1601687067772.0,22900.0,0.4774193548387098
