,idPedido,idUser,esCombo,nombreProducto,cantidadVendida,costoProd,idProducto,idProveedor,precioProd,ganNet
0,1567631275973,1567473974138.0,False,Mascarilla Puntos Negros Gummy,1,17000,1567039320100,111.0,24700.0,0.4529411764705882
1,1567631293104,1567309750699.0,False,Mascarilla Puntos Negros Gummy,1,17000,1567039320100,111.0,24700.0,0.4529411764705882
2,1567710220752,1567614041006.0,False,Mascarilla Puntos Negros Gummy,1,17000,1567039320100,111.0,24700.0,0.4529411764705882
3,1568309921592,1568165717258.0,False,Mascarilla Puntos Negros Gummy,1,17000,1567039320100,111.0,24700.0,0.4529411764705882
4,1568497833240,1568347955265.0,False,Mascarilla Puntos Negros Gummy,1,17000,1567039320100,111.0,24700.0,0.4529411764705882
