,idPedido,idUser,esCombo,nombreProducto,cantidadVendida,costoProd,idProducto,idProveedor,precioProd,ganNet
0,1569697381008,1569099682832.0,False,Porta Máquina Shaver En Acrílico Colores,1,6500,1567277025033,1601749063858.0,11400.0,0.7538461538461538
1,1569818432470,1568662345874.0,False,Porta Máquina Shaver En Acrílico Colores,1,6500,1567277025033,1601749063858.0,11400.0,0.7538461538461538
2,1579218710244,1578494278272.0,False,Porta Máquina Shaver En Acrílico Colores,1,6500,1567277025033,1601749063858.0,11400.0,0.7538461538461538
3,1579628246387,1579191168721.0,False,Porta Máquina Shaver En Acrílico Colores,2,6500,1567277025033,1601749063858.0,11400.0,-0.12307692307692308
4,1580583071479,1580411211821.0,False,Porta Máquina Shaver En Acrílico Colores,1,6500,1567277025033,1601749063858.0,11400.0,0.7538461538461538
5,1580847597703,1580157090768.0,False,Porta Máquina Shaver En Acrílico Colores,2,6500,1567277025033,1601749063858.0,22800.0,0.7538461538461538
6,1581546711081,1581017794428.0,False,Porta Máquina Shaver En Acrílico Colores,1,6500,1567277025033,1601749063858.0,11400.0,0.7538461538461538
