,idPedido,idUser,esCombo,nombreProducto,cantidadVendida,costoProd,idProducto,idProveedor,precioProd,ganNet
0,1569818432470,1568662345874.0,False,Poste Barbería Colores Tradicional Barber Pole + DOMICILIO GRATIS,1,150000,1567277324402,1601749063858.0,230000.0,0.5333333333333334
1,1575387967406,1574973961738.0,False,Poste Barbería Colores Tradicional Barber Pole + DOMICILIO GRATIS,1,150000,1567277324402,1601749063858.0,230000.0,0.5333333333333334
2,1592697548069,1592496830613.0,False,Poste Barbería Colores Tradicional Barber Pole + DOMICILIO GRATIS,1,150000,1567277324402,1601749063858.0,230000.0,0.5333333333333334
3,1593292253127,1592966363936.0,False,Poste Barbería Colores Tradicional Barber Pole + DOMICILIO GRATIS,1,150000,1567277324402,1601749063858.0,230000.0,0.5333333333333334
