,idPedido,idUser,esCombo,nombreProducto,cantidadVendida,costoProd,idProducto,idProveedor,precioProd,ganNet
0,1570679637438,1570309580991.0,False,Dispensador de Cuchillas Acrílico,1,7000,1567021272949,111.0,9800.0,0.3999999999999999
1,1570923047726,1570320056304.0,False,Dispensador de Cuchillas Acrílico,1,7000,1567021272949,111.0,9800.0,0.3999999999999999
