,idPedido,idUser,esCombo,nombreProducto,cantidadVendida,costoProd,idProducto,idProveedor,precioProd,ganNet
0,1568150208828,1568042817817.0,False,Minoxidil 2% Nextgen + DOMICILIO GRATIS,1,15000,1567629223019,1601684853762.0,35000.0,1.3333333333333335
1,1579038008555,1579020789704.0,False,Minoxidil 2% Nextgen + DOMICILIO GRATIS,3,15000,1567629223019,1601684853762.0,105000.0,1.3333333333333335
2,1591239153513,1591029700175.0,False,Minoxidil 2% Nextgen + DOMICILIO GRATIS,1,15000,1567629223019,1601684853762.0,35000.0,1.3333333333333335
3,1594696213888,1594322485760.0,False,Minoxidil 2% Nextgen + DOMICILIO GRATIS,2,15000,1567629223019,1601684853762.0,70000.0,1.3333333333333335
