,idPedido,idUser,esCombo,nombreProducto,cantidadVendida,costoProd,idProducto,idProveedor,precioProd,ganNet
0,1574976417210,1574530284119.0,False,Atomizador toda dirección Negro,1,6000,1568403377810,1601689078476.0,9500.0,0.5833333333333333
1,1576707491237,1576250101639.0,False,Atomizador toda dirección Negro,1,6000,1568403377810,1601689078476.0,9500.0,0.5833333333333333
2,1584229064727,1583536431862.0,False,Atomizador toda dirección Negro,1,6000,1568403377810,1601689078476.0,9500.0,0.5833333333333333
3,1590108200295,1588100152599.0,False,Atomizador toda dirección Negro,1,6000,1568403377810,1601689078476.0,9500.0,0.5833333333333333
4,1591121240824,1590605818447.0,False,Atomizador toda dirección Negro,1,6000,1568403377810,1601689078476.0,9500.0,0.5833333333333333
