,idPedido,idUser,esCombo,nombreProducto,cantidadVendida,costoProd,idProducto,idProveedor,precioProd,ganNet
0,1571344568897,1567526375447.0,False,Cera Parxs Black,1,11500,1568761083937,1601684640185.0,12600.0,0.09565217391304337
1,1573833503862,1573583610577.0,False,Cera Parxs Black,1,11500,1568761083937,1601684640185.0,12600.0,0.09565217391304337
2,1578518845908,1578172867541.0,False,Cera Parxs Black,1,11500,1568761083937,1601684640185.0,12600.0,0.09565217391304337
3,1580500172418,1579484214073.0,False,Cera Parxs Black,2,11500,1568761083937,1601684640185.0,25200.0,0.09565217391304337
4,1582056820956,1581712871974.0,False,Cera Parxs Black,1,11500,1568761083937,1601684640185.0,12600.0,0.09565217391304337
5,1584480797118,1584332317265.0,False,Cera Parxs Black,1,11500,1568761083937,1601684640185.0,15500.0,0.34782608695652173
6,1588451656934,1588018313535.0,False,Cera Parxs Black,1,11500,1568761083937,1601684640185.0,15500.0,0.34782608695652173
7,1600994296085,1597504318242.0,False,Cera Parxs Black,1,11500,1568761083937,1601684640185.0,15500.0,0.34782608695652173
