,idPedido,idUser,esCombo,nombreProducto,cantidadVendida,costoProd,idProducto,idProveedor,precioProd,ganNet
0,1570826178586,1570578464429.0,False,Mini Murray's Edge Wax,1,7700,1568417559247,111.0,11700.0,0.5194805194805194
1,1575427277231,1569122981037.0,False,Mini Murray's Edge Wax,1,7700,1568417559247,111.0,11700.0,0.5194805194805194
