,idPedido,idUser,esCombo,nombreProducto,cantidadVendida,costoProd,idProducto,idProveedor,precioProd,ganNet
0,1575756194553,1575660646982.0,False,Trimmer CMS,1,20000,1568761254782,1601684640185.0,37400.0,0.8700000000000001
1,1576016000061,1575904120967.0,False,Trimmer CMS,1,20000,1568761254782,1601684640185.0,37400.0,0.8700000000000001
2,1579628258087,1577842201412.0,False,Trimmer CMS,1,20000,1568761254782,1601684640185.0,29500.0,0.4750000000000001
3,1586823926182,1586447575909.0,False,Trimmer CMS,1,20000,1568761254782,1601684640185.0,29500.0,0.4750000000000001
4,1589329470764,1588367529399.0,False,Trimmer CMS,1,20000,1568761254782,1601684640185.0,29500.0,0.4750000000000001
