,idPedido,idUser,esCombo,nombreProducto,cantidadVendida,costoProd,idProducto,idProveedor,precioProd,ganNet
0,1578000357327,1577713602272.0,False,Mini Murray's Superior,1,7700,1568417603760,111.0,11700.0,0.5194805194805194
1,1578518879657,1578243417212.0,False,Mini Murray's Superior,1,7700,1568417603760,111.0,11700.0,0.5194805194805194
