,idPedido,idUser,esCombo,nombreProducto,cantidadVendida,costoProd,idProducto,idProveedor,precioProd,ganNet
0,1580760273754,1579017435423.0,False,Talco Parxs Fragancia 212 340 gramos,1,7200,1568761421005,1601684640185.0,8700.0,0.20833333333333326
1,1582568515518,1582317019159.0,False,Talco Parxs Fragancia 212 340 gramos,1,7200,1568761421005,1601684640185.0,8700.0,0.20833333333333326
2,1582668570567,1582396823690.0,False,Talco Parxs Fragancia 212 340 gramos,1,7200,1568761421005,1601684640185.0,8700.0,0.20833333333333326
