,idPedido,idUser,esCombo,nombreProducto,cantidadVendida,costoProd,idProducto,idProveedor,precioProd,ganNet
0,1574708052925,1574360010749.0,False,Kit Peine Carbono CMS,1,22000,1568761985053,111.0,29700.0,0.3500000000000001
1,1584480781187,1583906359441.0,False,Kit Peine Carbono CMS,1,22000,1568761985053,111.0,29700.0,0.3500000000000001
