,idPedido,idUser,esCombo,nombreProducto,cantidadVendida,costoProd,idProducto,idProveedor,precioProd,ganNet
0,1575755980621,1572212689704.0,False,Rollo Wypall de lienzos 50 metros,1,11000,1570947252338,1601684853762.0,16300.0,0.4818181818181819
1,1583530645051,1580596505137.0,False,Rollo Wypall de lienzos 50 metros,1,11000,1570947252338,1601684853762.0,16300.0,0.4818181818181819
2,1599958996872,1599758604288.0,False,Rollo Wypall de lienzos 50 metros,1,11000,1570947252338,1601684853762.0,16300.0,0.4818181818181819
