,idPedido,idUser,esCombo,nombreProducto,cantidadVendida,costoProd,idProducto,idProveedor,precioProd,ganNet
0,1571688324067,1567294095506.0,False,Guantes Maxbold (TALLA S),1,20500,1570950365878,111.0,26900.0,0.31219512195121957
1,1575755980621,1572212689704.0,False,Guantes Maxbold (TALLA S),1,20500,1570950365878,111.0,26900.0,0.31219512195121957
2,1586993466024,1585544696713.0,False,Guantes Maxbold (TALLA M),1,20800,1570950365878,111.0,28900.0,0.38942307692307687
3,1587866375089,1586720381021.0,False,Guantes Maxbold (TALLA M),1,20800,1570950365878,111.0,28900.0,0.38942307692307687
4,1593292221915,1583346980514.0,False,Guantes Maxbold (TALLA M),1,20800,1570950365878,111.0,35900.0,0.7259615384615385
