,idPedido,idUser,esCombo,nombreProducto,cantidadVendida,costoProd,idProducto,idProveedor,precioProd,ganNet
0,1579804787409,1579241625656.0,False,Mascarilla Puntos Negros Aloe Vera Nevada 120 gramos,1,10300,1570938646081,1601684853762.0,15900.0,0.5436893203883495
1,1580154437091,1579980021268.0,False,Mascarilla Puntos Negros Aloe Vera Nevada 120 gramos,1,10300,1570938646081,1601684853762.0,15900.0,0.5436893203883495
2,1587516755834,1587165132236.0,False,Mascarilla Puntos Negros Aloe Vera Nevada 120 gramos,1,10300,1570938646081,1601684853762.0,15900.0,0.5436893203883495
3,1587696640043,1586460876855.0,False,Mascarilla Puntos Negros Aloe Vera Nevada 120 gramos,1,10300,1570938646081,1601684853762.0,15900.0,0.5436893203883495
4,1588126596512,1587834919280.0,False,Mascarilla Puntos Negros Aloe Vera Nevada 120 gramos,1,10300,1570938646081,1601684853762.0,15900.0,0.5436893203883495
5,1591121271360,1590691597468.0,False,Mascarilla Puntos Negros Aloe Vera Nevada 120 gramos,1,10300,1570938646081,1601684853762.0,15900.0,0.5436893203883495
6,1591234488691,1590771934717.0,False,Mascarilla Puntos Negros Aloe Vera Nevada 120 gramos,1,10300,1570938646081,1601684853762.0,15900.0,0.5436893203883495
7,1594849450586,1594076196273.0,False,Mascarilla Puntos Negros Aloe Vera Nevada 120 gramos,1,10300,1570938646081,1601684853762.0,15900.0,0.5436893203883495
8,1594849791121,1594399365365.0,False,Mascarilla Puntos Negros Aloe Vera Nevada 120 gramos,1,10300,1570938646081,1601684853762.0,15900.0,0.5436893203883495
