,idPedido,idUser,esCombo,nombreProducto,cantidadVendida,costoProd,idProducto,idProveedor,precioProd,ganNet
0,1576271245427,1575392092857.0,False,Guantes Elegance Rosados (TALLA L),1,30000,1570950724323,1601687067772.0,39900.0,0.33000000000000007
1,1581545396869,1581419736764.0,False,Guantes Elegance Rosados (TALLA L),1,30000,1570950724323,1601687067772.0,39900.0,0.33000000000000007
