,idPedido,idUser,esCombo,nombreProducto,cantidadVendida,costoProd,idProducto,idProveedor,precioProd,ganNet
0,1575427093456,1573773825579.0,False,Dispensador de talco,1,4500,1570938237597,1601688802034.0,9800.0,1.1777777777777776
1,1575755980621,1572212689704.0,False,Dispensador de talco,2,4500,1570938237597,1601688802034.0,15800.0,0.7555555555555555
2,1579980105768,1577563476964.0,False,Dispensador de talco,1,4500,1570938237597,1601688802034.0,9800.0,1.1777777777777776
3,1587261423713,1586164895405.0,False,Dispensador de talco,1,4500,1570938237597,1601688802034.0,9800.0,1.1777777777777776
4,1588451906195,1588170596992.0,False,Dispensador de talco,1,4500,1570938237597,1601688802034.0,9800.0,1.1777777777777776
5,1591897409502,1590556919643.0,False,Dispensador de talco,1,4500,1570938237597,1601688802034.0,9800.0,1.1777777777777776
6,1594435596136,1583759605178.0,False,Dispensador de talco,1,4500,1570938237597,1601688802034.0,9800.0,1.1777777777777776
