,idPedido,idUser,esCombo,nombreProducto,cantidadVendida,costoProd,idProducto,idProveedor,precioProd,ganNet
0,1576190476067,1576084098897.0,False,flat topper,1,7500,1570937415098,1601684853762.0,11000.0,0.46666666666666656
1,1578427271898,1576232845000.0,False,flat topper,1,7500,1570937415098,1601684853762.0,11000.0,0.46666666666666656
2,1580500172418,1579484214073.0,False,flat topper,1,7500,1570937415098,1601684853762.0,11000.0,0.46666666666666656
3,1581364960213,1580999419376.0,False,flat topper,3,7500,1570937415098,1601684853762.0,33000.0,0.46666666666666656
4,1581449598891,1581169931330.0,False,flat topper,1,7500,1570937415098,1601684853762.0,11000.0,0.46666666666666656
5,1590108187236,1589319811459.0,False,flat topper,1,7500,1570937415098,1601684853762.0,11000.0,0.46666666666666656
6,1591911622448,1591637726491.0,False,flat topper,1,7500,1570937415098,1601684853762.0,11000.0,0.46666666666666656
7,1594335616871,1593845200264.0,False,flat topper,1,7500,1570937415098,1601684853762.0,11000.0,0.46666666666666656
8,1597625218972,1595940287602.0,False,flat topper,1,7500,1570937415098,1601684853762.0,11000.0,0.46666666666666656
