,idPedido,idUser,esCombo,nombreProducto,cantidadVendida,costoProd,idProducto,idProveedor,precioProd,ganNet
0,1573833437666,1573608260840.0,False,Combo Tijeras Azules,1,35000,1570947772395,111.0,54900.0,0.5685714285714285
1,1574288873841,1573828433380.0,False,Combo Tijeras Azules,1,35000,1570947772395,111.0,54900.0,0.5685714285714285
