,idPedido,idUser,esCombo,nombreProducto,cantidadVendida,costoProd,idProducto,idProveedor,precioProd,ganNet
0,1574534090891,1570472307501.0,False,atomizador dorado ,1,2900,1570937976581,111.0,6900.0,1.3793103448275863
1,1575755980621,1572212689704.0,False,atomizador dorado ,2,2900,1570937976581,111.0,13800.0,1.3793103448275863
