,idPedido,idUser,esCombo,nombreProducto,cantidadVendida,costoProd,idProducto,idProveedor,precioProd,ganNet
0,1574707566578,1574438424218.0,False,Tijera RZ clásica microdentada,1,14900,1570949868568,1601684853762.0,21900.0,0.4697986577181208
1,1578518896646,1578085341437.0,False,Tijera RZ clásica microdentada,1,14900,1570949868568,1601684853762.0,21900.0,0.4697986577181208
2,1580500149557,1580132882311.0,False,Tijera RZ clásica microdentada,1,14900,1570949868568,1601684853762.0,21900.0,0.4697986577181208
3,1581544145780,1581427762260.0,False,Tijera RZ clásica microdentada,1,14900,1570949868568,1601684853762.0,21900.0,0.4697986577181208
4,1582568515518,1582317019159.0,False,Tijera RZ clásica microdentada,1,14900,1570949868568,1601684853762.0,21900.0,0.4697986577181208
5,1583353480486,1578456210557.0,False,Tijera RZ clásica microdentada,1,14900,1570949868568,1601684853762.0,21900.0,0.4697986577181208
6,1586993454000,1586018505343.0,False,Tijera RZ clásica microdentada,1,14900,1570949868568,1601684853762.0,21900.0,0.4697986577181208
