,idPedido,idUser,esCombo,nombreProducto,cantidadVendida,costoProd,idProducto,idProveedor,precioProd,ganNet
0,1574791610699,1574356960344.0,False,Guantes Negros Maxbold (TALLA L),1,20500,1570950276280,111.0,26900.0,0.31219512195121957
1,1583003085256,1582659000955.0,False,Guantes Negros Maxbold (TALLA L),1,20500,1570950276280,111.0,26900.0,0.31219512195121957
2,1586993186054,1586779608007.0,False,Guantes Negros Maxbold (TALLA L),1,20800,1570950276280,111.0,28900.0,0.38942307692307687
3,1587516813567,1587163877668.0,False,Guantes Negros Maxbold (TALLA L),1,20800,1570950276280,111.0,28900.0,0.38942307692307687
4,1588222604179,1586550028480.0,False,Guantes Negros Maxbold (TALLA L),1,20800,1570950276280,111.0,28900.0,0.38942307692307687
