,idPedido,idUser,esCombo,nombreProducto,cantidadVendida,costoProd,idProducto,idProveedor,precioProd,ganNet
0,1581449414187,1581260323142.0,False,Rollo toallas atenea,1,15200,1570946069958,1601684853762.0,19300.0,0.26973684210526305
1,1582812147492,1582632333270.0,False,Rollo toallas atenea,1,15200,1570946069958,1601684853762.0,19300.0,0.26973684210526305
2,1583611585957,1582724465923.0,False,Rollo toallas atenea,1,15200,1570946069958,1601684853762.0,19300.0,0.26973684210526305
3,1585879932206,1583883460816.0,False,Rollo toallas atenea,1,15200,1570946069958,1601684853762.0,19300.0,0.26973684210526305
4,1589324289404,1589031758489.0,False,Rollo toallas atenea,1,15200,1570946069958,1601684853762.0,19300.0,0.26973684210526305
5,1597885293579,1597520551548.0,False,Rollo toallas atenea,1,15200,1570946069958,1601684853762.0,19300.0,0.26973684210526305
6,1601155813607,1600877113484.0,False,Rollo toallas atenea,1,15200,1570946069958,1601684853762.0,19300.0,0.26973684210526305
