,idPedido,idUser,esCombo,nombreProducto,cantidadVendida,costoProd,idProducto,idProveedor,precioProd,ganNet
0,1582148433784,1581963747326.0,False,Talco Beuty Negro 650 gramos,1,7000,1570946234236,1601684853762.0,11500.0,0.6428571428571428
1,1587866280276,1587365739589.0,False,Talco Beuty Negro 650 gramos,1,7000,1570946234236,1601684853762.0,11500.0,0.6428571428571428
