,idPedido,idUser,esCombo,nombreProducto,cantidadVendida,costoProd,idProducto,idProveedor,precioProd,ganNet
0,1594335401079,1593722307195.0,False,Estuche Negro tijeras,1,4800,1570949063684,1601688802034.0,11500.0,1.3958333333333335
1,1602022341486,1601727643146.0,False,Estuche Negro tijeras,1,4800,1570949063684,1601688802034.0,11500.0,1.3958333333333335
