,idPedido,idUser,esCombo,nombreProducto,cantidadVendida,costoProd,idProducto,idProveedor,precioProd,ganNet
0,1580154498941,1579964844060.0,False,Combo afeitado 5 Estrellas + DOMICILIO GRATIS,1,21000,1571213214283,1601692029631.0,29700.0,0.41428571428571437
1,1588126686861,1584157352222.0,False,Combo afeitado 5 Estrellas + DOMICILIO GRATIS,1,21000,1571213214283,1601692029631.0,39700.0,0.8904761904761904
2,1588451256792,1587598944236.0,False,Combo afeitado 5 Estrellas + DOMICILIO GRATIS,1,21000,1571213214283,1601692029631.0,39700.0,0.8904761904761904
3,1589850927676,1579239571151.0,False,Combo afeitado 5 Estrellas + DOMICILIO GRATIS,1,21000,1571213214283,1601692029631.0,39700.0,0.8904761904761904
4,1590631067968,1590262666891.0,False,Combo afeitado 5 Estrellas + DOMICILIO GRATIS,1,21000,1571213214283,1601692029631.0,39700.0,0.8904761904761904
5,1597625235426,1594697248792.0,False,Combo afeitado 5 Estrellas + DOMICILIO GRATIS,1,21000,1571213214283,1601692029631.0,39700.0,0.8904761904761904
6,1600994296085,1597504318242.0,False,Combo afeitado 5 Estrellas + DOMICILIO GRATIS,1,21000,1571213214283,1601692029631.0,39700.0,0.8904761904761904
