,idPedido,idUser,esCombo,nombreProducto,cantidadVendida,costoProd,idProducto,idProveedor,precioProd,ganNet
0,1579218757696,1579100388406.0,False,Combo Gel 5 estrellas Fragancia Paco Rabanne + DOMICILIO GRATIS,1,22000,1571192162419,1601692029631.0,29700.0,0.3500000000000001
1,1581449243059,1581340537516.0,False,Combo Gel 5 estrellas Fragancia Paco Rabanne + DOMICILIO GRATIS,1,22000,1571192162419,1601692029631.0,29700.0,0.3500000000000001
2,1582826685004,1582486074259.0,False,Combo Gel 5 estrellas Fragancia Paco Rabanne + DOMICILIO GRATIS,1,22000,1571192162419,1601692029631.0,29700.0,0.3500000000000001
3,1582826713391,1582660203692.0,False,Combo Gel 5 estrellas Fragancia Paco Rabanne + DOMICILIO GRATIS,1,22000,1571192162419,1601692029631.0,29700.0,0.3500000000000001
