,idPedido,idUser,esCombo,nombreProducto,cantidadVendida,costoProd,idProducto,idProveedor,precioProd,ganNet
0,1573161606635,1572710068646.0,False,Reloj barbería/salón,1,16000,1571184878170,111.0,24900.0,0.5562499999999999
1,1574889690020,1574283835068.0,False,Reloj barbería/salón,1,16000,1571184878170,111.0,24900.0,0.5562499999999999
