,idPedido,idUser,esCombo,nombreProducto,cantidadVendida,costoProd,idProducto,idProveedor,precioProd,ganNet
0,1573655295677,1573223528536.0,False,Reloj 2 Pac,1,13500,1571875243827,1601684853762.0,24900.0,0.8444444444444446
1,1579628228464,1579274252350.0,False,Reloj 2 Pac,1,13500,1571875243827,1601684853762.0,24900.0,0.8444444444444446
2,1582668232223,1582065710140.0,False,Reloj 2 Pac,1,13500,1571875243827,1601684853762.0,24900.0,0.8444444444444446
3,1583354548072,1583249142694.0,False,Reloj 2 Pac,1,13500,1571875243827,1601684853762.0,24900.0,0.8444444444444446
