,idPedido,idUser,esCombo,nombreProducto,cantidadVendida,costoProd,idProducto,idProveedor,precioProd,ganNet
0,1582668366063,1582120705344.0,False,Reloj Cuchillos,1,13500,1571875829191,111.0,24900.0,0.8444444444444446
1,1599368979221,1599141356876.0,False,Reloj Cuchillos,1,13500,1571875829191,111.0,24900.0,0.8444444444444446
