,idPedido,idUser,esCombo,nombreProducto,cantidadVendida,costoProd,idProducto,idProveedor,precioProd,ganNet
0,1572555092231,1572443804459.0,False,Reloj barber anuncio 2,1,13500,1571876825674,111.0,24900.0,0.8444444444444446
1,1574976310898,1574175022492.0,False,Reloj barber anuncio 2,1,13500,1571876825674,111.0,24900.0,0.8444444444444446
