,idPedido,idUser,esCombo,nombreProducto,cantidadVendida,costoProd,idProducto,idProveedor,precioProd,ganNet
0,1579804803426,1579370342104.0,False,Sacudidor largo y ancho,1,9700,1571518339181,1601688802034.0,14800.0,0.5257731958762886
1,1587087161893,1586195927250.0,False,Sacudidor largo y ancho,1,9700,1571518339181,1601688802034.0,14800.0,0.5257731958762886
2,1592101118970,1591496143424.0,False,Sacudidor largo y ancho,1,9700,1571518339181,1601688802034.0,14800.0,0.5257731958762886
3,1600288281907,1599857109472.0,False,Sacudidor largo y ancho,1,9700,1571518339181,1601688802034.0,14800.0,0.5257731958762886
4,1601159338293,1596749972869.0,False,Sacudidor largo y ancho,1,9700,1571518339181,1601688802034.0,14800.0,0.5257731958762886
