,idPedido,idUser,esCombo,nombreProducto,cantidadVendida,costoProd,idProducto,idProveedor,precioProd,ganNet
0,1573250331361,1573055790089.0,False,Reloj San Andreas gta,1,13500,1571875553148,1601684853762.0,24900.0,0.8444444444444446
1,1573855480381,1573743857320.0,False,Reloj San Andreas gta,1,13500,1571875553148,1601684853762.0,24900.0,0.8444444444444446
2,1573855515594,1571361905812.0,False,Reloj San Andreas gta,1,13500,1571875553148,1601684853762.0,24900.0,0.8444444444444446
3,1591911349718,1591284394947.0,False,Reloj San Andreas gta,1,13500,1571875553148,1601684853762.0,24900.0,0.8444444444444446
4,1598836311670,1598301821792.0,False,Reloj San Andreas gta,1,13500,1571875553148,1601684853762.0,24900.0,0.8444444444444446
