,idPedido,idUser,esCombo,nombreProducto,cantidadVendida,costoProd,idProducto,idProveedor,precioProd,ganNet
0,1576793609013,1565807344888.0,False,Combo Murray’s - Karicia + DOMICILIO GRATIS,1,28000,1571364736266,1601684853762.0,41900.0,0.49642857142857144
1,1579544561629,1577924523269.0,False,Combo Murray’s - Karicia + DOMICILIO GRATIS,1,28000,1571364736266,1601684853762.0,41900.0,0.49642857142857144
2,1588741350709,1587261736295.0,False,Combo Murray’s - Karicia + DOMICILIO GRATIS,1,28000,1571364736266,1601684853762.0,41900.0,0.49642857142857144
3,1590108505174,1589667325955.0,False,Combo Murray’s - Karicia + DOMICILIO GRATIS,1,28000,1571364736266,1601684853762.0,41900.0,0.49642857142857144
4,1593061265938,1592023742616.0,False,Combo Murray’s - Karicia + DOMICILIO GRATIS,2,28000,1571364736266,1601684853762.0,83800.0,0.49642857142857144
