,idPedido,idUser,esCombo,nombreProducto,cantidadVendida,costoProd,idProducto,idProveedor,precioProd,ganNet
0,1573161710983,1573055559235.0,False,Reloj barbería/salón,1,16000,1571185127471,111.0,24900.0,0.5562499999999999
1,1574534110950,1573350060166.0,False,Reloj barbería/salón,1,16000,1571185127471,111.0,24900.0,0.5562499999999999
