,idPedido,idUser,esCombo,nombreProducto,cantidadVendida,costoProd,idProducto,idProveedor,precioProd,ganNet
0,1576190485676,1576077566421.0,False,Peine Azul,1,3000,1572304245882,1601688802034.0,6500.0,1.1666666666666665
1,1582236769431,1582129307996.0,False,Peine Azul,1,3000,1572304245882,1601688802034.0,6500.0,1.1666666666666665
