,idPedido,idUser,esCombo,nombreProducto,cantidadVendida,costoProd,idProducto,idProveedor,precioProd,ganNet
0,1572730611993,1572446841225.0,False,Combo Mr Buffel Sandía y minoxidil + DOMICILIO GRATIS,1,23000,1572301026008,111.0,49000.0,1.1304347826086958
1,1578518884673,1578170225632.0,False,Combo Mr Buffel Sandía y minoxidil + DOMICILIO GRATIS,1,23000,1572301026008,111.0,49000.0,1.1304347826086958
2,1585603262876,1585067234555.0,False,Combo Mr Buffel Sandía y minoxidil + DOMICILIO GRATIS,1,23000,1572301026008,111.0,49000.0,1.1304347826086958
