,idPedido,idUser,esCombo,nombreProducto,cantidadVendida,costoProd,idProducto,idProveedor,precioProd,ganNet
0,1578689088269,1577977990780.0,False,Aplicador fibra capilar,1,24000,1572370812628,1601688318273.0,34900.0,0.4541666666666666
1,1580760302456,1580584187121.0,False,Aplicador fibra capilar,1,24000,1572370812628,1601688318273.0,34900.0,0.4541666666666666
2,1583432955887,1583340262473.0,False,Aplicador fibra capilar,1,24000,1572370812628,1601688318273.0,33300.0,0.38749999999999996
3,1591640896445,1591285753573.0,False,Aplicador fibra capilar,1,24000,1572370812628,1601688318273.0,33300.0,0.38749999999999996
