,idPedido,idUser,esCombo,nombreProducto,cantidadVendida,costoProd,idProducto,idProveedor,precioProd,ganNet
0,1572555153965,1572450998696.0,False,Combo profesional 5 estrellas + DOMICILIO GRATIS,1,51000,1572404562442,1601692029631.0,74900.0,0.46862745098039205
1,1580926343750,1580764347508.0,False,Combo profesional 5 estrellas + DOMICILIO GRATIS,1,51000,1572404562442,1601692029631.0,76900.0,0.5078431372549019
2,1592443646159,1590545444474.0,False,Combo profesional 5 estrellas + DOMICILIO GRATIS,1,51000,1572404562442,1601692029631.0,76900.0,0.5078431372549019
3,1592929853509,1592486883915.0,False,Combo profesional 5 estrellas + DOMICILIO GRATIS,1,51000,1572404562442,1601692029631.0,76900.0,0.5078431372549019
4,1593720919436,1593221710503.0,False,Combo profesional 5 estrellas + DOMICILIO GRATIS,1,51000,1572404562442,1601692029631.0,76900.0,0.5078431372549019
