,idPedido,idUser,esCombo,nombreProducto,cantidadVendida,costoProd,idProducto,idProveedor,precioProd,ganNet
0,1580926419468,1573767503280.0,False,Cera perfume suave Red One acabado húmedo 5oz/150ml,1,19000,1572145618823,1601688318273.0,29400.0,0.5473684210526315
1,1583617642327,1583440518600.0,False,Cera perfume suave Red One acabado húmedo 5oz/150ml,1,19000,1572145618823,1601688318273.0,29400.0,0.5473684210526315
2,1589589169868,1589323409394.0,False,Cera perfume suave Red One acabado húmedo 5oz/150ml,1,19000,1572145618823,1601688318273.0,29400.0,0.5473684210526315
3,1590108735439,1589914753741.0,False,Cera perfume suave Red One acabado húmedo 5oz/150ml,1,19000,1572145618823,1601688318273.0,29400.0,0.5473684210526315
4,1590536484378,1589898786459.0,False,Cera perfume suave Red One acabado húmedo 5oz/150ml,1,19000,1572145618823,1601688318273.0,29400.0,0.5473684210526315
5,1593911556594,1593523694790.0,False,Cera perfume suave Red One acabado húmedo 5oz/150ml,2,19000,1572145618823,1601688318273.0,58800.0,0.5473684210526315
6,1594262023463,1579710414416.0,False,Cera perfume suave Red One acabado húmedo 5oz/150ml,1,19000,1572145618823,1601688318273.0,29400.0,0.5473684210526315
7,1600984510453,1600706328264.0,False,Cera perfume suave Red One acabado húmedo 5oz/150ml,1,19000,1572145618823,1601688318273.0,29400.0,0.5473684210526315
