,idPedido,idUser,esCombo,nombreProducto,cantidadVendida,costoProd,idProducto,idProveedor,precioProd,ganNet
0,1573833403271,1573668531001.0,False,Cepillo ancho madera,1,3000,1572292306202,1601688802034.0,7500.0,1.5
1,1577131656835,1576892130276.0,False,Cepillo ancho madera,1,3000,1572292306202,1601688802034.0,7900.0,1.6333333333333333
2,1578518830642,1574019932800.0,False,Cepillo ancho madera,1,3000,1572292306202,1601688802034.0,7900.0,1.6333333333333333
3,1582056610941,1581954181490.0,False,Cepillo ancho madera,1,3000,1572292306202,1601688802034.0,7900.0,1.6333333333333333
4,1584654478532,1584468842745.0,False,Cepillo ancho madera,1,3000,1572292306202,1601688802034.0,7900.0,1.6333333333333333
5,1589168946228,1588689731431.0,False,Cepillo ancho madera,1,3000,1572292306202,1601688802034.0,7900.0,1.6333333333333333
