,idPedido,idUser,esCombo,nombreProducto,cantidadVendida,costoProd,idProducto,idProveedor,precioProd,ganNet
0,1575919760315,1575736563912.0,False,Gel Red One Keratin Silver,1,22000,1572145200304,1601688318273.0,29400.0,0.3363636363636364
1,1580760278985,1580486139100.0,False,Gel Red One Keratin Silver,1,22000,1572145200304,1601688318273.0,29400.0,0.3363636363636364
2,1596027240215,1592347449980.0,False,Gel Red One Keratin Silver,1,22000,1572145200304,1601688318273.0,29400.0,0.3363636363636364
3,1602195851841,1601928860336.0,False,Gel Red One Keratin Silver,1,22000,1572145200304,1601688318273.0,29400.0,0.3363636363636364
