,idPedido,idUser,esCombo,nombreProducto,cantidadVendida,costoProd,idProducto,idProveedor,precioProd,ganNet
0,1573855515594,1571361905812.0,False,Gel para el cabello 5 estrellas con fragancia Paco Rabanne 600g,1,10000,1572377767800,1601692029631.0,13900.0,0.3899999999999999
1,1583003236014,1582647232454.0,False,Gel para el cabello 5 estrellas con fragancia Paco Rabanne 600g,1,10000,1572377767800,1601692029631.0,13900.0,0.3899999999999999
2,1583432864599,1583346980514.0,False,Gel para el cabello 5 estrellas con fragancia Paco Rabanne 600g,1,10000,1572377767800,1601692029631.0,13900.0,0.3899999999999999
3,1584394059265,1582031888441.0,False,Gel para el cabello 5 estrellas con fragancia Paco Rabanne 600g,1,10000,1572377767800,1601692029631.0,13900.0,0.3899999999999999
4,1591239068533,1590929332547.0,False,Gel para el cabello 5 estrellas con fragancia Paco Rabanne 600g,1,10000,1572377767800,1601692029631.0,13900.0,0.3899999999999999
5,1591239165583,1591030399215.0,False,Gel para el cabello 5 estrellas con fragancia Paco Rabanne 600g,1,10000,1572377767800,1601692029631.0,13900.0,0.3899999999999999
6,1598726865046,1582184621326.0,False,Gel para el cabello 5 estrellas con fragancia Paco Rabanne 600g,1,10000,1572377767800,1601692029631.0,13900.0,0.3899999999999999
7,1599087053098,1598972170781.0,False,Gel para el cabello 5 estrellas con fragancia Paco Rabanne 600g,1,10000,1572377767800,1601692029631.0,13900.0,0.3899999999999999
