,idPedido,idUser,esCombo,nombreProducto,cantidadVendida,costoProd,idProducto,idProveedor,precioProd,ganNet
0,1582056483685,1581958992332.0,False,Mascarilla Negra Red One,1,19000,1572146303111,1601688318273.0,29400.0,0.5473684210526315
1,1587696628443,1586548892987.0,False,Mascarilla Negra Red One,1,19000,1572146303111,1601688318273.0,29400.0,0.5473684210526315
2,1589850946120,1589557279459.0,False,Mascarilla Negra Red One,1,19000,1572146303111,1601688318273.0,29400.0,0.5473684210526315
3,1589854336372,1589632577768.0,False,Mascarilla Negra Red One,2,19000,1572146303111,1601688318273.0,58800.0,0.5473684210526315
4,1592693967145,1592407133414.0,False,Mascarilla Negra Red One,1,19000,1572146303111,1601688318273.0,29400.0,0.5473684210526315
5,1600289251443,1595222756827.0,False,Mascarilla Negra Red One,1,19000,1572146303111,1601688318273.0,29400.0,0.5473684210526315
