,idPedido,idUser,esCombo,nombreProducto,cantidadVendida,costoProd,idProducto,idProveedor,precioProd,ganNet
0,1576707429532,1567309750699.0,False,Pomada cítricos Red One acabado húmedo 5oz/150ml,1,19000,1572145821707,1601688318273.0,29400.0,0.5473684210526315
1,1593911556594,1593523694790.0,False,Pomada cítricos Red One acabado húmedo 5oz/150ml,2,19000,1572145821707,1601688318273.0,58800.0,0.5473684210526315
2,1597885557393,1567309750699.0,False,Pomada cítricos Red One acabado húmedo 5oz/150ml,1,19000,1572145821707,1601688318273.0,29400.0,0.5473684210526315
3,1598836567436,1598626297008.0,False,Pomada cítricos Red One acabado húmedo 5oz/150ml,1,19000,1572145821707,1601688318273.0,29400.0,0.5473684210526315
4,1599086877032,1598536699019.0,False,Pomada cítricos Red One acabado húmedo 5oz/150ml,1,19000,1572145821707,1601688318273.0,29400.0,0.5473684210526315
5,1599246945846,1599057579539.0,False,Pomada cítricos Red One acabado húmedo 5oz/150ml,1,19000,1572145821707,1601688318273.0,29400.0,0.5473684210526315
