,idPedido,idUser,esCombo,nombreProducto,cantidadVendida,costoProd,idProducto,idProveedor,precioProd,ganNet
0,1573250302287,1572666573695.0,False,Cera chicle Red One acabado húmedo 5oz/150ml,1,19000,1572145446319,1601688318273.0,29400.0,0.5473684210526315
1,1575756295304,1575728639740.0,False,Cera chicle Red One acabado húmedo 5oz/150ml,1,19000,1572145446319,1601688318273.0,29400.0,0.5473684210526315
2,1581711765467,1580087943407.0,False,Cera chicle Red One acabado húmedo 5oz/150ml,1,19000,1572145446319,1601688318273.0,29400.0,0.5473684210526315
3,1588733232095,1579710414416.0,False,Cera chicle Red One acabado húmedo 5oz/150ml,1,19000,1572145446319,1601688318273.0,29400.0,0.5473684210526315
4,1589235475389,1588385962601.0,False,Cera chicle Red One acabado húmedo 5oz/150ml,2,19000,1572145446319,1601688318273.0,58800.0,0.5473684210526315
5,1593911556594,1593523694790.0,False,Cera chicle Red One acabado húmedo 5oz/150ml,2,19000,1572145446319,1601688318273.0,58800.0,0.5473684210526315
6,1600288250342,1590558441838.0,False,Cera chicle Red One acabado húmedo 5oz/150ml,1,19000,1572145446319,1601688318273.0,29400.0,0.5473684210526315
