,idPedido,idUser,esCombo,nombreProducto,cantidadVendida,costoProd,idProducto,idProveedor,precioProd,ganNet
0,1583530506875,1574127112825.0,False,Daily Conditioner Reuzel,1,34000,1573157539621,1601687067772.0,49900.0,0.4676470588235293
1,1589169181711,1588802218148.0,False,Daily Conditioner Reuzel,1,34000,1573157539621,1601687067772.0,49900.0,0.4676470588235293
2,1592099217062,1591816376577.0,False,Daily Conditioner Reuzel,1,34000,1573157539621,1601687067772.0,49900.0,0.4676470588235293
