,idPedido,idUser,esCombo,nombreProducto,cantidadVendida,costoProd,idProducto,idProveedor,precioProd,ganNet
0,1574977045129,1574690787879.0,False,Secador viajero 1.500 Watts,1,18000,1573789381253,1601684640185.0,39500.0,1.1944444444444446
1,1575755980621,1572212689704.0,False,Secador viajero 1.500 Watts,1,18000,1573789381253,1601684640185.0,39500.0,1.1944444444444446
2,1579896054617,1579791882020.0,False,Secador viajero 1.500 Watts,1,18000,1573789381253,1601684640185.0,39500.0,1.1944444444444446
3,1582236674628,1567361498834.0,False,Secador viajero 1.500 Watts,1,18000,1573789381253,1601684640185.0,39500.0,1.1944444444444446
4,1585840306321,1579315466200.0,False,Secador viajero 1.500 Watts,1,18000,1573789381253,1601684640185.0,39500.0,1.1944444444444446
5,1591662929378,1591049204877.0,False,Secador viajero 1.500 Watts,1,18000,1573789381253,1601684640185.0,39500.0,1.1944444444444446
6,1592012351036,1585680632283.0,False,Secador viajero 1.500 Watts,1,18000,1573789381253,1601684640185.0,39500.0,1.1944444444444446
7,1592693545585,1590430191109.0,False,Secador viajero 1.500 Watts,1,18000,1573789381253,1601684640185.0,39500.0,1.1944444444444446
8,1595094885872,1594906817897.0,False,Secador viajero 1.500 Watts,1,18000,1573789381253,1601684640185.0,39500.0,1.1944444444444446
