,idPedido,idUser,esCombo,nombreProducto,cantidadVendida,costoProd,idProducto,idProveedor,precioProd,ganNet
0,1577395149799,1576685156774.0,False,Gel Afeitar Elegance Venus 2 litros,1,39000,1573157907430,1601687067772.0,69000.0,0.7692307692307692
1,1592103914540,1592005210436.0,False,Gel Afeitar Elegance Venus 2 litros,2,39000,1573157907430,1601687067772.0,138000.0,0.7692307692307692
2,1602631711423,1601871987022.0,False,Gel Afeitar Elegance Venus 2 litros,1,39000,1573157907430,1601687067772.0,69000.0,0.7692307692307692
