,idPedido,idUser,esCombo,nombreProducto,cantidadVendida,costoProd,idProducto,idProveedor,precioProd,ganNet
0,1576793653598,1576508590229.0,False,Mascarilla Colageno Nevada,1,11400,1573772197418,1601684853762.0,17300.0,0.5175438596491229
1,1579627211937,1579482980033.0,False,Mascarilla Colageno Nevada,1,11400,1573772197418,1601684853762.0,17300.0,0.5175438596491229
2,1583340273613,1582995919194.0,False,Mascarilla Colageno Nevada,1,11400,1573772197418,1601684853762.0,17300.0,0.5175438596491229
3,1584480892757,1584308414651.0,False,Mascarilla Colageno Nevada,1,11400,1573772197418,1601684853762.0,17300.0,0.5175438596491229
4,1587872475951,1587745829177.0,False,Mascarilla Colageno Nevada,1,11400,1573772197418,1601684853762.0,17300.0,0.5175438596491229
5,1588451295632,1579333763382.0,False,Mascarilla Colageno Nevada,1,11400,1573772197418,1601684853762.0,17300.0,0.5175438596491229
6,1589235655358,1588598952362.0,False,Mascarilla Colageno Nevada,1,11400,1573772197418,1601684853762.0,17300.0,0.5175438596491229
7,1589854271336,1589550293634.0,False,Mascarilla Colageno Nevada,1,11400,1573772197418,1601684853762.0,17300.0,0.5175438596491229
