,idPedido,idUser,esCombo,nombreProducto,cantidadVendida,costoProd,idProducto,idProveedor,precioProd,ganNet
0,1579896011112,1579524614920.0,False,Estuche barbera en cuerina,1,2000,1573861828671,1601688802034.0,4900.0,1.4500000000000002
1,1590029471474,1589568009379.0,False,Estuche barbera en cuerina,1,2000,1573861828671,1601688802034.0,4900.0,1.4500000000000002
2,1590536833625,1590092967937.0,False,Estuche barbera en cuerina,1,2000,1573861828671,1601688802034.0,4900.0,1.4500000000000002
3,1590630937371,1590250717546.0,False,Estuche barbera en cuerina,1,2000,1573861828671,1601688802034.0,4900.0,1.4500000000000002
4,1593210677564,1592682263070.0,False,Estuche barbera en cuerina,1,2000,1573861828671,1601688802034.0,4900.0,1.4500000000000002
5,1597183333753,1595883542075.0,False,Estuche barbera en cuerina,1,2000,1573861828671,1601688802034.0,4900.0,1.4500000000000002
6,1599254601588,1598885691151.0,False,Estuche barbera en cuerina,1,2000,1573861828671,1601688802034.0,4900.0,1.4500000000000002
