,idPedido,idUser,esCombo,nombreProducto,cantidadVendida,costoProd,idProducto,idProveedor,precioProd,ganNet
0,1575645639188,1575412894759.0,False,Pomada verde Reuzel acabado brillante 4oz/113g,1,28000,1573156854315,1601687067772.0,46900.0,0.675
1,1576962715023,1576502311944.0,False,Pomada verde Reuzel acabado brillante 4oz/113g,1,28000,1573156854315,1601687067772.0,46900.0,0.675
2,1577215347459,1577112005596.0,False,Pomada verde Reuzel acabado brillante 4oz/113g,1,28000,1573156854315,1601687067772.0,46900.0,0.675
3,1582385845467,1582151088400.0,False,Pomada verde Reuzel acabado brillante 4oz/113g,1,28000,1573156854315,1601687067772.0,49900.0,0.7821428571428573
4,1591897364865,1589253434697.0,False,Pomada verde Reuzel acabado brillante 4oz/113g,1,28000,1573156854315,1601687067772.0,52400.0,0.8714285714285714
5,1602631748863,1584319371632.0,False,Pomada verde Reuzel acabado brillante 4oz/113g,1,28000,1573156854315,1601687067772.0,54900.0,0.9607142857142856
