,idPedido,idUser,esCombo,nombreProducto,cantidadVendida,costoProd,idProducto,idProveedor,precioProd,ganNet
0,1583530506875,1574127112825.0,False,Daily Shampoo Reuzel 350ml,1,34000,1573157462243,1601687067772.0,39000.0,0.1470588235294117
1,1590108708448,1589898314045.0,False,Daily Shampoo Reuzel 350ml,1,34000,1573157462243,1601687067772.0,39000.0,0.1470588235294117
