,idPedido,idUser,esCombo,nombreProducto,cantidadVendida,costoProd,idProducto,idProveedor,precioProd,ganNet
0,1575046207517,1574684897323.0,False,Todo en uno Sirius CMS 1712 - 8 en 1 CMS,1,75000,1573789118004,1601684640185.0,89000.0,0.18666666666666676
1,1585087241249,1584566305791.0,False,Todo en uno Sirius CMS 1712 - 8 en 1 CMS,1,75000,1573789118004,1601684640185.0,89000.0,0.18666666666666676
2,1585840518601,1585323857417.0,False,Todo en uno Sirius CMS 1712 - 8 en 1 CMS,1,75000,1573789118004,1601684640185.0,89000.0,0.18666666666666676
3,1586467268704,1586185797808.0,False,Todo en uno Sirius CMS 1712 - 8 en 1 CMS,1,75000,1573789118004,1601684640185.0,89000.0,0.18666666666666676
4,1602355034652,1602114626822.0,False,Todo en uno Sirius CMS 1712 - 8 en 1 CMS,1,75000,1573789118004,1601684640185.0,99000.0,0.32000000000000006
5,1602734649705,1602354706135.0,False,Todo en uno Sirius CMS 1712 - 8 en 1 CMS,1,75000,1573789118004,1601684640185.0,99000.0,0.32000000000000006
