,idPedido,idUser,esCombo,nombreProducto,cantidadVendida,costoProd,idProducto,idProveedor,precioProd,ganNet
0,1576868533065,1576712244895.0,False,Scrub Shampoo Reuzel 350 ml,1,34000,1573157514620,1601687067772.0,49900.0,0.4676470588235293
1,1592099217062,1591816376577.0,False,Scrub Shampoo Reuzel 350 ml,1,34000,1573157514620,1601687067772.0,49900.0,0.4676470588235293
2,1600289616147,1600112377374.0,False,Scrub Shampoo Reuzel 350 ml,1,34000,1573157514620,1601687067772.0,49900.0,0.4676470588235293
