,idPedido,idUser,esCombo,nombreProducto,cantidadVendida,costoProd,idProducto,idProveedor,precioProd,ganNet
0,1577829326462,1577728164751.0,False,Gel fijador 5 estrellas 3.500 Gramos fragancia Paco Rabanne,1,22000,1573681974274,1601692029631.0,29500.0,0.34090909090909083
1,1581711897787,1581609689287.0,False,Gel fijador 5 estrellas 3.500 Gramos fragancia Paco Rabanne,3,22000,1573681974274,1601692029631.0,88500.0,0.34090909090909083
2,1584632318877,1583032014076.0,False,Gel fijador 5 estrellas 3.500 Gramos fragancia Paco Rabanne,1,22000,1573681974274,1601692029631.0,29500.0,0.34090909090909083
3,1589168852826,1581340537516.0,False,Gel fijador 5 estrellas 3.500 Gramos fragancia Paco Rabanne,1,22000,1573681974274,1601692029631.0,29500.0,0.34090909090909083
4,1591121094674,1590240551463.0,False,Gel fijador 5 estrellas 3.500 Gramos fragancia Paco Rabanne,1,22000,1573681974274,1601692029631.0,29500.0,0.34090909090909083
5,1601425432220,1600098078343.0,False,Gel fijador 5 estrellas 3.500 Gramos fragancia Paco Rabanne,1,22000,1573681974274,1601692029631.0,29500.0,0.34090909090909083
