,idPedido,idUser,esCombo,nombreProducto,cantidadVendida,costoProd,idProducto,idProveedor,precioProd,ganNet
0,1574876623970,1574691009444.0,False,Barbera dedo ancha dorada,1,9500,1574108144544,1601684640185.0,18900.0,0.9894736842105263
1,1575427859727,1570292715336.0,False,Barbera dedo ancha dorada,1,9500,1574108144544,1601684640185.0,18900.0,0.9894736842105263
2,1579804903069,1579616353058.0,False,Barbera dedo ancha dorada,1,9500,1574108144544,1601684640185.0,18900.0,0.9894736842105263
3,1593210898673,1592925634518.0,False,Barbera dedo ancha dorada,1,9500,1574108144544,1601684640185.0,18900.0,0.9894736842105263
4,1593921922621,1593625122488.0,False,Barbera dedo ancha dorada,1,9500,1574108144544,1601684640185.0,18900.0,0.9894736842105263
5,1597625235426,1594697248792.0,False,Barbera dedo ancha dorada,1,9500,1574108144544,1601684640185.0,18900.0,0.9894736842105263
