,idPedido,idUser,esCombo,nombreProducto,cantidadVendida,costoProd,idProducto,idProveedor,precioProd,ganNet
0,1578518746634,1578061687359.0,False,Combo premium tijeras + barbera 1,1,69000,1574106715066,1601684640185.0,104300.0,0.5115942028985507
1,1579115102973,1578591599435.0,False,Combo premium tijeras + barbera 1,1,69000,1574106715066,1601684640185.0,104300.0,0.5115942028985507
2,1582826713391,1582660203692.0,False,Combo premium tijeras + barbera 1,1,69000,1574106715066,1601684640185.0,104300.0,0.5115942028985507
3,1601757529934,1601523453456.0,False,Combo premium tijeras + barbera 1,1,69000,1574106715066,1601684640185.0,104300.0,0.5115942028985507
