,idPedido,idUser,esCombo,nombreProducto,cantidadVendida,costoProd,idProducto,idProveedor,precioProd,ganNet
0,1586651252331,1585753287762.0,False,Guía magnética 1 + 1/2 genérica,1,8000,1574106613664,1601688802034.0,11900.0,0.48750000000000004
1,1592103887809,1591977869913.0,False,Guía magnética 1 + 1/2 genérica,1,8000,1574106613664,1601688802034.0,11900.0,0.48750000000000004
2,1594335737744,1591871356462.0,False,Guía magnética 1 + 1/2 genérica,1,8000,1574106613664,1601688802034.0,11900.0,0.48750000000000004
