,idPedido,idUser,esCombo,nombreProducto,cantidadVendida,costoProd,idProducto,idProveedor,precioProd,ganNet
0,1574287919525,1574089306990.0,False,Wahl Beard 9916-1008,1,62000,1574104882138,1601684640185.0,89000.0,0.435483870967742
1,1581105012176,1580008920275.0,False,Wahl Beard 9916-1008,1,62000,1574104882138,1601684640185.0,89000.0,0.435483870967742
