,idPedido,idUser,esCombo,nombreProducto,cantidadVendida,costoProd,idProducto,idProveedor,precioProd,ganNet
0,1581364922394,1578684767307.0,False,Barbera dedo ancha negra,1,11500,1574108181744,1601684640185.0,18900.0,0.6434782608695653
1,1589163636940,1581001099944.0,False,Barbera dedo ancha negra,1,11500,1574108181744,1601684640185.0,18900.0,0.6434782608695653
2,1589168880738,1588616491422.0,False,Barbera dedo ancha negra,1,11500,1574108181744,1601684640185.0,18900.0,0.6434782608695653
3,1589324407581,1589056953659.0,False,Barbera dedo ancha negra,1,11500,1574108181744,1601684640185.0,18900.0,0.6434782608695653
4,1592443646159,1590545444474.0,False,Barbera dedo ancha negra,1,11500,1574108181744,1601684640185.0,18900.0,0.6434782608695653
