,idPedido,idUser,esCombo,nombreProducto,cantidadVendida,costoProd,idProducto,idProveedor,precioProd,ganNet
0,1589324253764,1589031165782.0,False,Guía magnética 1/2 genérica,1,8000,1574106516289,1601688802034.0,11900.0,0.48750000000000004
1,1590985939068,1590617107333.0,False,Guía magnética 1/2 genérica,1,8000,1574106516289,1601688802034.0,11900.0,0.48750000000000004
