,idPedido,idUser,esCombo,nombreProducto,cantidadVendida,costoProd,idProducto,idProveedor,precioProd,ganNet
0,1579377641023,1579278802779.0,False,Combo black mask + aplicador + DOMICILIO GRATIS,1,12900,1575756236030,1601684853762.0,24900.0,0.930232558139535
1,1582236779352,1582130700757.0,False,Combo black mask + aplicador + DOMICILIO GRATIS,1,12900,1575756236030,1601684853762.0,24900.0,0.930232558139535
