,idPedido,idUser,esCombo,nombreProducto,cantidadVendida,costoProd,idProducto,idProveedor,precioProd,ganNet
0,1577395038083,1576520868117.0,False,Combo barba minoxidil + derma roller + cepillo + DOMICILIO GRATIS,1,38300,1575326066633,1601742074643.0,84200.0,1.1984334203655354
1,1579377577574,1579193089793.0,False,Combo barba minoxidil + derma roller + cepillo + DOMICILIO GRATIS,1,38300,1575326066633,1601742074643.0,72900.0,0.9033942558746737
2,1579377634506,1579277895980.0,False,Combo barba minoxidil + derma roller + cepillo + DOMICILIO GRATIS,1,38300,1575326066633,1601742074643.0,72900.0,0.9033942558746737
3,1579627986875,1579357949700.0,False,Combo barba minoxidil + derma roller + cepillo + DOMICILIO GRATIS,2,38300,1575326066633,1601742074643.0,145800.0,0.9033942558746737
4,1579980207875,1579743111023.0,False,Combo barba minoxidil + derma roller + cepillo + DOMICILIO GRATIS,1,38300,1575326066633,1601742074643.0,72900.0,0.9033942558746737
5,1589850764394,1587884078228.0,False,Combo barba minoxidil + derma roller + cepillo + DOMICILIO GRATIS,1,38300,1575326066633,1601742074643.0,72900.0,0.9033942558746737
6,1593919247292,1580762089474.0,False,Combo barba minoxidil + derma roller + cepillo + DOMICILIO GRATIS,1,38300,1575326066633,1601742074643.0,72900.0,0.9033942558746737
7,1594779087025,1594042512027.0,False,Combo barba minoxidil + derma roller + cepillo + DOMICILIO GRATIS,1,38300,1575326066633,1601742074643.0,72900.0,0.9033942558746737
