,idPedido,idUser,esCombo,nombreProducto,cantidadVendida,costoProd,idProducto,idProveedor,precioProd,ganNet
0,1578518879657,1578243417212.0,False,Mascarilla colágeno + derma roller + DOMICILIO GRATIS,1,15000,1575390128033,1601684853762.0,29500.0,0.9666666666666666
1,1581017507394,1580773541740.0,False,Mascarilla colágeno + derma roller + DOMICILIO GRATIS,1,15000,1575390128033,1601684853762.0,29500.0,0.9666666666666666
2,1581711779547,1579787649602.0,False,Mascarilla colágeno + derma roller + DOMICILIO GRATIS,1,15000,1575390128033,1601684853762.0,29500.0,0.9666666666666666
3,1583353677136,1583106017017.0,False,Mascarilla colágeno + derma roller + DOMICILIO GRATIS,1,15000,1575390128033,1601684853762.0,29500.0,0.9666666666666666
4,1583433000943,1583206233054.0,False,Mascarilla colágeno + derma roller + DOMICILIO GRATIS,1,15000,1575390128033,1601684853762.0,29500.0,0.9666666666666666
5,1583618503339,1583514235345.0,False,Mascarilla colágeno + derma roller + DOMICILIO GRATIS,1,15000,1575390128033,1601684853762.0,29500.0,0.9666666666666666
