,idPedido,idUser,esCombo,nombreProducto,cantidadVendida,costoProd,idProducto,idProveedor,precioProd,ganNet
0,1576617702760,1576516301046.0,False,"Tijera RZ 6.5 ""pulgadas microdentada",1,25900,1575933279646,1601684853762.0,39500.0,0.5250965250965252
1,1576793784313,1576244630957.0,False,"Tijera RZ 6.5 ""pulgadas microdentada",1,25900,1575933279646,1601684853762.0,39500.0,0.5250965250965252
2,1577395459987,1577197355937.0,False,"Tijera RZ 6.5 ""pulgadas microdentada",1,25900,1575933279646,1601684853762.0,39500.0,0.5250965250965252
3,1581546872389,1580736641957.0,False,"Tijera RZ 6.5 ""pulgadas microdentada",1,25900,1575933279646,1601684853762.0,39500.0,0.5250965250965252
4,1583878277310,1583783812565.0,False,"Tijera RZ 6.5 ""pulgadas microdentada",1,25900,1575933279646,1601684853762.0,39500.0,0.5250965250965252
5,1587519235959,1586228955789.0,False,"Tijera RZ 6.5 ""pulgadas microdentada",1,25900,1575933279646,1601684853762.0,39500.0,0.5250965250965252
