,idPedido,idUser,esCombo,nombreProducto,cantidadVendida,costoProd,idProducto,idProveedor,precioProd,ganNet
0,1576869018299,1576593844768.0,False,Masajeador y limpiador exfoliante de silicona lavable,1,15000,1575752591070,1601688802034.0,28500.0,0.8999999999999999
1,1577736373096,1574949356272.0,False,Masajeador y limpiador exfoliante de silicona lavable,1,15000,1575752591070,1601688802034.0,28500.0,0.8999999999999999
2,1579299551337,1578408948492.0,False,Masajeador y limpiador exfoliante de silicona lavable,1,15000,1575752591070,1601688802034.0,28500.0,0.8999999999999999
3,1580591330341,1580591124584.0,False,Masajeador y limpiador exfoliante de silicona lavable,1,15000,1575752591070,1601688802034.0,28500.0,0.8999999999999999
4,1594849450586,1594076196273.0,False,Masajeador y limpiador exfoliante de silicona lavable,3,15000,1575752591070,1601688802034.0,88200.0,0.96
5,1597183333753,1595883542075.0,False,Masajeador y limpiador exfoliante de silicona lavable,1,15000,1575752591070,1601688802034.0,29400.0,0.96
6,1599369054386,1599205854016.0,False,Masajeador y limpiador exfoliante de silicona lavable,1,15000,1575752591070,1601688802034.0,29400.0,0.96
7,1600289251443,1595222756827.0,False,Masajeador y limpiador exfoliante de silicona lavable,1,15000,1575752591070,1601688802034.0,29400.0,0.96
