,idPedido,idUser,esCombo,nombreProducto,cantidadVendida,costoProd,idProducto,idProveedor,precioProd,ganNet
0,1579115125189,1578791783255.0,False,Combo cuidado barba Premium + DOMICILIO GRATIS,1,46700,1575508633967,1601684853762.0,69000.0,0.4775160599571735
1,1579299260778,1578957918579.0,False,Combo cuidado barba Premium + DOMICILIO GRATIS,1,46700,1575508633967,1601684853762.0,69000.0,0.4775160599571735
2,1580323955482,1580222901368.0,False,Combo cuidado barba Premium + DOMICILIO GRATIS,1,46700,1575508633967,1601684853762.0,69000.0,0.4775160599571735
3,1591897470531,1591382567643.0,False,Combo cuidado barba Premium + DOMICILIO GRATIS,1,46700,1575508633967,1601684853762.0,69000.0,0.4775160599571735
4,1599936349990,1599665406834.0,False,Combo cuidado barba Premium + DOMICILIO GRATIS,1,46700,1575508633967,1601684853762.0,69000.0,0.4775160599571735
