,idPedido,idUser,esCombo,nombreProducto,cantidadVendida,costoProd,idProducto,idProveedor,precioProd,ganNet
0,1586650687696,1586455873369.0,False,Combo barba y fibra + DOMICILIO GRATIS,1,36000,1575659543000,1601742074643.0,69000.0,0.9166666666666667
1,1591121205759,1580222790588.0,False,Combo barba y fibra + DOMICILIO GRATIS,2,36000,1575659543000,1601742074643.0,138000.0,0.9166666666666667
