,idPedido,idUser,esCombo,nombreProducto,cantidadVendida,costoProd,idProducto,idProveedor,precioProd,ganNet
0,1580926447062,1580819599684.0,False,Combo minoxidil cabello dama + derma roller + DOMICILIO GRATIS,1,21200,1575328097230,1601684853762.0,49000.0,1.3113207547169812
1,1581017464981,1580909882566.0,False,Combo minoxidil cabello dama + derma roller + DOMICILIO GRATIS,1,21200,1575328097230,1601684853762.0,49000.0,1.3113207547169812
2,1581104981375,1580413000660.0,False,Combo minoxidil cabello dama + derma roller + DOMICILIO GRATIS,1,21200,1575328097230,1601684853762.0,49000.0,1.3113207547169812
3,1581797311937,1581694428982.0,False,Combo minoxidil cabello dama + derma roller + DOMICILIO GRATIS,1,21200,1575328097230,1601684853762.0,49000.0,1.3113207547169812
4,1592693759841,1592345559459.0,False,Combo minoxidil cabello dama + derma roller + DOMICILIO GRATIS,2,21200,1575328097230,1601684853762.0,98000.0,1.3113207547169812
5,1599061141478,1598889519143.0,False,Combo minoxidil cabello dama + derma roller + DOMICILIO GRATIS,1,21200,1575328097230,1601684853762.0,49000.0,1.3113207547169812
