,idPedido,idUser,esCombo,nombreProducto,cantidadVendida,costoProd,idProducto,idProveedor,precioProd,ganNet
0,1579218744272,1578605239085.0,False,Secador 2200 W Super Look ,1,60000,1576708172109,1601684853762.0,89900.0,0.4983333333333333
1,1581797357334,1580591343946.0,False,Secador 2200 W Super Look ,1,60000,1576708172109,1601684853762.0,89900.0,0.4983333333333333
2,1582057162733,1580995066213.0,False,Secador 2200 W Super Look ,1,60000,1576708172109,1601684853762.0,89900.0,0.4983333333333333
