,idPedido,idUser,esCombo,nombreProducto,cantidadVendida,costoProd,idProducto,idProveedor,precioProd,ganNet
0,1589675925256,1589341035558.0,False,Combo barba peinado con cera + shampoo + cepillo + DOMICILIO GRATIS,1,34900,1576864171375,1601741886998.0,64900.0,0.8595988538681949
1,1590029655737,1589819047032.0,False,Combo barba peinado con cera + shampoo + cepillo + DOMICILIO GRATIS,1,34900,1576864171375,1601741886998.0,64900.0,0.8595988538681949
2,1590608032274,1589917476573.0,False,Combo barba peinado con cera + shampoo + cepillo + DOMICILIO GRATIS,1,34900,1576864171375,1601741886998.0,64900.0,0.8595988538681949
3,1600407876901,1590609041392.0,False,Combo barba peinado con cera + shampoo + cepillo + DOMICILIO GRATIS,1,34900,1576864171375,1601741886998.0,64900.0,0.8595988538681949
