,idPedido,idUser,esCombo,nombreProducto,cantidadVendida,costoProd,idProducto,idProveedor,precioProd,ganNet
0,1578080502978,1577563476964.0,False,Combo big barber 1 litro de gel de afeitar + 1 litro de loción refrescante +  DOMICILIO GRATIS,1,22700,1576359762658,1601692029631.0,36900.0,0.6255506607929515
1,1578770496289,1577368672235.0,False,Combo big barber 1 litro de gel de afeitar + 1 litro de loción refrescante +  DOMICILIO GRATIS,1,22700,1576359762658,1601692029631.0,36900.0,0.6255506607929515
2,1579038054390,1578925247839.0,False,Combo big barber 1 litro de gel de afeitar + 1 litro de loción refrescante +  DOMICILIO GRATIS,1,22700,1576359762658,1601692029631.0,36900.0,0.6255506607929515
3,1591234233110,1585936444592.0,False,Combo big barber 1 litro de gel de afeitar + 1 litro de loción refrescante +  DOMICILIO GRATIS,1,22700,1576359762658,1601692029631.0,36900.0,0.6255506607929515
4,1591664213399,1591659604874.0,False,Combo big barber 1 litro de gel de afeitar + 1 litro de loción refrescante +  DOMICILIO GRATIS,1,22700,1576359762658,1601692029631.0,46900.0,1.0660792951541849
5,1593292201181,1592929037069.0,False,Combo big barber 1 litro de gel de afeitar + 1 litro de loción refrescante +  DOMICILIO GRATIS,1,22700,1576359762658,1601692029631.0,46900.0,1.0660792951541849
6,1594849653897,1594322679331.0,False,Combo big barber 1 litro de gel de afeitar + 1 litro de loción refrescante +  DOMICILIO GRATIS,1,22700,1576359762658,1601692029631.0,46900.0,1.0660792951541849
