,idPedido,idUser,esCombo,nombreProducto,cantidadVendida,costoProd,idProducto,idProveedor,precioProd,ganNet
0,1579730688487,1579617247845.0,False,cera ossion Mora azul medium-hold grande,1,13800,1576021132443,1601741886998.0,25900.0,0.8768115942028984
1,1589585788268,1589229901725.0,False,cera ossion Mora azul medium-hold grande,1,13800,1576021132443,1601741886998.0,25900.0,0.8768115942028984
2,1592103914540,1592005210436.0,False,cera ossion Mora azul medium-hold grande,1,13800,1576021132443,1601741886998.0,25900.0,0.8768115942028984
3,1594261785828,1592970189558.0,False,cera ossion Mora azul medium-hold grande,1,13800,1576021132443,1601741886998.0,25900.0,0.8768115942028984
4,1601841170530,1601595410880.0,False,cera ossion Mora azul medium-hold grande,2,13800,1576021132443,1601741886998.0,51800.0,0.8768115942028984
