,idPedido,idUser,esCombo,nombreProducto,cantidadVendida,costoProd,idProducto,idProveedor,precioProd,ganNet
0,1577395182876,1576957110367.0,False,Combo masaje facial + Domicilio GRÁTIS,1,20800,1576533549845,1601688802034.0,36800.0,0.7692307692307692
1,1594430064803,1593916926832.0,False,Combo masaje facial + Domicilio GRÁTIS,1,20800,1576533549845,1601688802034.0,36800.0,0.7692307692307692
