,idPedido,idUser,esCombo,nombreProducto,cantidadVendida,costoProd,idProducto,idProveedor,precioProd,ganNet
0,1577736073847,1575469352931.0,False,Combo cabello shampoo + tónico minoxidil + DOMICILIO GRATIS,1,27800,1576362315703,111.0,59000.0,1.1223021582733814
1,1577829750043,1577723687915.0,False,Combo cabello shampoo + tónico minoxidil + DOMICILIO GRATIS,1,27800,1576362315703,111.0,59000.0,1.1223021582733814
2,1579980144282,1579880530019.0,False,Combo cabello shampoo + tónico minoxidil + DOMICILIO GRATIS,1,27800,1576362315703,111.0,59000.0,1.1223021582733814
3,1582056758334,1581304641327.0,False,Combo cabello shampoo + tónico minoxidil + DOMICILIO GRATIS,6,27800,1576362315703,111.0,354000.0,1.1223021582733814
4,1583878236403,1583772612382.0,False,Combo cabello shampoo + tónico minoxidil + DOMICILIO GRATIS,1,27800,1576362315703,111.0,59000.0,1.1223021582733814
5,1586223241287,1585755314351.0,False,Combo cabello shampoo + tónico minoxidil + DOMICILIO GRATIS,1,27800,1576362315703,111.0,59000.0,1.1223021582733814
