,idPedido,idUser,esCombo,nombreProducto,cantidadVendida,costoProd,idProducto,idProveedor,precioProd,ganNet
0,1576794827671,1570638110314.0,False,capa motiliar oro fondo negro,1,9000,1576188099217,111.0,15000.0,0.6666666666666667
1,1579218710244,1578494278272.0,False,capa motiliar oro fondo negro,1,11100,1576188099217,111.0,16500.0,0.4864864864864864
2,1579544463291,1579373432027.0,False,capa motiliar oro fondo negro,1,11100,1576188099217,111.0,16500.0,0.4864864864864864
3,1582057200370,1581800247258.0,False,capa motiliar oro fondo negro,8,11100,1576188099217,111.0,16500.0,-0.8141891891891893
4,1582561419243,1580698112192.0,False,capa motiliar oro fondo negro,1,11100,1576188099217,111.0,16500.0,0.4864864864864864
5,1584393959875,1584204278455.0,False,capa motiliar oro fondo negro,1,11100,1576188099217,111.0,16500.0,0.4864864864864864
6,1592012351036,1585680632283.0,False,capa motiliar oro fondo negro,1,11100,1576188099217,111.0,16500.0,0.4864864864864864
