,idPedido,idUser,esCombo,nombreProducto,cantidadVendida,costoProd,idProducto,idProveedor,precioProd,ganNet
0,1577829200637,1577581821454.0,False,Combo cabello derma roller + tónico minoxidil + DOMICILIO GRATIS,1,21500,1576363356845,111.0,49000.0,1.2790697674418605
1,1578518735868,1578425635851.0,False,Combo cabello derma roller + tónico minoxidil + DOMICILIO GRATIS,1,21500,1576363356845,111.0,49000.0,1.2790697674418605
2,1581975689299,1581781590741.0,False,Combo cabello derma roller + tónico minoxidil + DOMICILIO GRATIS,1,21500,1576363356845,111.0,49000.0,1.2790697674418605
3,1582236779352,1582130700757.0,False,Combo cabello derma roller + tónico minoxidil + DOMICILIO GRATIS,1,21500,1576363356845,111.0,49000.0,1.2790697674418605
4,1583340273613,1582995919194.0,False,Combo cabello derma roller + tónico minoxidil + DOMICILIO GRATIS,1,21500,1576363356845,111.0,49000.0,1.2790697674418605
