,idPedido,idUser,esCombo,nombreProducto,cantidadVendida,costoProd,idProducto,idProveedor,precioProd,ganNet
0,1580500197209,1580236023771.0,False,Mascarilla puntos negros papaya,1,10400,1576036209451,1601684853762.0,15900.0,0.5288461538461537
1,1593720851890,1583342381937.0,False,Mascarilla puntos negros papaya,1,10400,1576036209451,1601684853762.0,15900.0,0.5288461538461537
2,1594864141304,1594669368462.0,False,Mascarilla puntos negros papaya,1,10400,1576036209451,1601684853762.0,15900.0,0.5288461538461537
3,1595094704890,1594254547280.0,False,Mascarilla puntos negros papaya,1,10400,1576036209451,1601684853762.0,15900.0,0.5288461538461537
4,1598113884858,1597777411201.0,False,Mascarilla puntos negros papaya,1,10400,1576036209451,1601684853762.0,15900.0,0.5288461538461537
5,1601586671221,1601394801379.0,False,Mascarilla puntos negros papaya,1,10400,1576036209451,1601684853762.0,15900.0,0.5288461538461537
