,idPedido,idUser,esCombo,nombreProducto,cantidadVendida,costoProd,idProducto,idProveedor,precioProd,ganNet
0,1592103914540,1592005210436.0,False,cera ossion extra-hold grande,1,13800,1576015122421,1601741886998.0,25900.0,0.8768115942028984
1,1601076856911,1600881230245.0,False,cera ossion extra-hold grande,1,13800,1576015122421,1601741886998.0,25900.0,0.8768115942028984
