,idPedido,idUser,esCombo,nombreProducto,cantidadVendida,costoProd,idProducto,idProveedor,precioProd,ganNet
0,1577214784385,1577119328927.0,False,Combo peinado locionado con cera + peine + pata cabra + DOMICILIO GRATIS,1,13000,1576879593328,1601849925811.0,26900.0,1.0692307692307694
1,1577499371684,1577380545437.0,False,Combo peinado locionado con cera + peine + pata cabra + DOMICILIO GRATIS,1,13000,1576879593328,1601849925811.0,26900.0,1.0692307692307694
2,1580847570363,1580485616384.0,False,Combo peinado locionado con cera + peine + pata cabra + DOMICILIO GRATIS,1,13000,1576879593328,1601849925811.0,26900.0,1.0692307692307694
3,1591121312133,1590776579602.0,False,Combo peinado locionado con cera + peine + pata cabra + DOMICILIO GRATIS,1,13000,1576879593328,1601849925811.0,26900.0,1.0692307692307694
4,1593294364696,1593096378628.0,False,Combo peinado locionado con cera + peine + pata cabra + DOMICILIO GRATIS,1,13000,1576879593328,1601849925811.0,26900.0,1.0692307692307694
