,idPedido,idUser,esCombo,nombreProducto,cantidadVendida,costoProd,idProducto,idProveedor,precioProd,ganNet
0,1586651166234,1585667727134.0,False,Combo barber talla m con 1 litro de loci贸n refrescante + 480ml de gel de afeitar + DOMiCILIO GRATIS,1,17700,1576360501825,1601692029631.0,29500.0,0.6666666666666667
1,1586824002089,1586126614203.0,False,Combo barber talla m con 1 litro de loci贸n refrescante + 480ml de gel de afeitar + DOMiCILIO GRATIS,1,17700,1576360501825,1601692029631.0,29500.0,0.6666666666666667
2,1586993370658,1586528758588.0,False,Combo barber talla m con 1 litro de loci贸n refrescante + 480ml de gel de afeitar + DOMiCILIO GRATIS,1,17700,1576360501825,1601692029631.0,29500.0,0.6666666666666667
3,1587700333946,1579754533652.0,False,Combo barber talla m con 1 litro de loci贸n refrescante + 480ml de gel de afeitar + DOMiCILIO GRATIS,1,17700,1576360501825,1601692029631.0,29500.0,0.6666666666666667
