,idPedido,idUser,esCombo,nombreProducto,cantidadVendida,costoProd,idProducto,idProveedor,precioProd,ganNet
0,1580847441051,1580694862612.0,False,Cera Ossion Ultra Hold PEQUEÑA (Fijación extra fuerte),1,6000,1576024193889,1601741886998.0,11900.0,0.9833333333333334
1,1581017459975,1580844251892.0,False,Cera Ossion Ultra Hold PEQUEÑA (Fijación extra fuerte),1,6000,1576024193889,1601741886998.0,11900.0,0.9833333333333334
2,1581690825738,1581007508496.0,False,Cera Ossion Ultra Hold PEQUEÑA (Fijación extra fuerte),1,6000,1576024193889,1601741886998.0,11900.0,0.9833333333333334
3,1582826520374,1582732987170.0,False,Cera Ossion Ultra Hold PEQUEÑA (Fijación extra fuerte),1,6000,1576024193889,1601741886998.0,11900.0,0.9833333333333334
4,1589168759838,1586707419791.0,False,Cera Ossion Ultra Hold PEQUEÑA (Fijación extra fuerte),1,6000,1576024193889,1601741886998.0,11900.0,0.9833333333333334
5,1591640739032,1591211792496.0,False,Cera Ossion Ultra Hold PEQUEÑA (Fijación extra fuerte),1,6000,1576024193889,1601741886998.0,11900.0,0.9833333333333334
6,1596064249986,1595282151089.0,False,Cera Ossion Ultra Hold PEQUEÑA (Fijación extra fuerte),1,6000,1576024193889,1601741886998.0,11900.0,0.9833333333333334
7,1596753062965,1596556001595.0,False,Cera Ossion Ultra Hold PEQUEÑA (Fijación extra fuerte),1,6000,1576024193889,1601741886998.0,11900.0,0.9833333333333334
8,1598393224486,1598370379167.0,False,Cera Ossion Ultra Hold PEQUEÑA (Fijación extra fuerte),1,6000,1576024193889,1601741886998.0,11900.0,0.9833333333333334
