,idPedido,idUser,esCombo,nombreProducto,cantidadVendida,costoProd,idProducto,idProveedor,precioProd,ganNet
0,1579544494832,1579354532802.0,False,Combo Tijeras negras,1,31000,1576034471378,111.0,54900.0,0.7709677419354839
1,1579804760140,1579315332369.0,False,Combo Tijeras negras,1,31000,1576034471378,111.0,54900.0,0.7709677419354839
2,1582561590921,1582133974977.0,False,Combo Tijeras negras 6',1,42300,1576034471378,111.0,67900.0,0.6052009456264775
3,1588451256792,1587598944236.0,False,Combo Tijeras jaguar negras 6',1,42000,1576034471378,111.0,67900.0,0.6166666666666667
4,1590882827360,1588037144526.0,False,Combo Tijeras jaguar negras 6',1,42000,1576034471378,111.0,67900.0,0.6166666666666667
5,1591911498951,1580493018450.0,False,Combo Tijeras jaguar negras 6',1,42000,1576034471378,111.0,67900.0,0.6166666666666667
6,1591911634893,1591473821505.0,False,Combo Tijeras jaguar negras 6',1,42000,1576034471378,111.0,67900.0,0.6166666666666667
