,idPedido,idUser,esCombo,nombreProducto,cantidadVendida,costoProd,idProducto,idProveedor,precioProd,ganNet
0,1581546578827,1581196991505.0,False,Cera Ossion Mega Hold PEQUEÑA (FIJACIÓN FUERTE),1,5800,1576023624818,1601741886998.0,11900.0,1.0517241379310347
1,1582561694968,1582224706240.0,False,Cera Ossion Mega Hold PEQUEÑA (FIJACIÓN FUERTE),1,5800,1576023624818,1601741886998.0,11900.0,1.0517241379310347
2,1590631016526,1590257310719.0,False,Cera Ossion Mega Hold PEQUEÑA (FIJACIÓN FUERTE),1,5800,1576023624818,1601741886998.0,11900.0,1.0517241379310347
