,idPedido,idUser,esCombo,nombreProducto,cantidadVendida,costoProd,idProducto,idProveedor,precioProd,ganNet
0,1578000879464,1578000825986.0,False,Shaving gel Ossion 3 en 1,1,13800,1576036872988,1601741886998.0,27500.0,0.9927536231884058
1,1579377549337,1579157317251.0,False,Shaving gel Ossion 3 en 1,1,13800,1576036872988,1601741886998.0,25900.0,0.8768115942028984
2,1585603182173,1585060616623.0,False,Shaving gel Ossion 3 en 1,1,13800,1576036872988,1601741886998.0,25900.0,0.8768115942028984
3,1586469177409,1586103588095.0,False,Shaving gel Ossion 3 en 1,1,13800,1576036872988,1601741886998.0,25900.0,0.8768115942028984
4,1588451391250,1579787649602.0,False,Shaving gel Ossion 3 en 1,1,13800,1576036872988,1601741886998.0,25900.0,0.8768115942028984
5,1592930110454,1592512789117.0,False,Shaving gel Ossion 3 en 1,1,13800,1576036872988,1601741886998.0,25900.0,0.8768115942028984
6,1594864293403,1594751327197.0,False,Shaving gel Ossion 3 en 1,1,13800,1576036872988,1601741886998.0,25900.0,0.8768115942028984
