,idPedido,idUser,esCombo,nombreProducto,cantidadVendida,costoProd,idProducto,idProveedor,precioProd,ganNet
0,1581449810340,1580596505137.0,False,After Shave Ossion Cream & Cologne OCEAN WAVE 400ml,1,13800,1576026620219,1601741886998.0,25900.0,0.8768115942028984
1,1587087161893,1586195927250.0,False,After Shave Ossion Cream & Cologne OCEAN WAVE 400ml,1,13800,1576026620219,1601741886998.0,25900.0,0.8768115942028984
2,1597885463705,1597543530424.0,False,After Shave Ossion Cream & Cologne OCEAN WAVE 400ml,1,13800,1576026620219,1601741886998.0,25900.0,0.8768115942028984
