,idPedido,idUser,esCombo,nombreProducto,cantidadVendida,costoProd,idProducto,idProveedor,precioProd,ganNet
0,1588136371317,1587837849775.0,False,peinilla metalica ,1,10000,1577384108483,1601688802034.0,20500.0,1.0499999999999998
1,1593921922621,1593625122488.0,False,peinilla metalica ,1,10000,1577384108483,1601688802034.0,20500.0,1.0499999999999998
