,idPedido,idUser,esCombo,nombreProducto,cantidadVendida,costoProd,idProducto,idProveedor,precioProd,ganNet
0,1579896027245,1579616154377.0,False,Antiestrias,1,21500,1577215368367,1601851158262.0,39500.0,0.8372093023255813
1,1583966964450,1583691202255.0,False,Antiestrias,1,21500,1577215368367,1601851158262.0,39500.0,0.8372093023255813
2,1583967566902,1583839648674.0,False,Antiestrias,1,21500,1577215368367,1601851158262.0,39500.0,0.8372093023255813
3,1593912309408,1592446172368.0,False,Antiestrias,1,21500,1577215368367,1601851158262.0,39500.0,0.8372093023255813
4,1601323931223,1578095956826.0,False,Antiestrias,1,21500,1577215368367,1601851158262.0,39500.0,0.8372093023255813
