,idPedido,idUser,esCombo,nombreProducto,cantidadVendida,costoProd,idProducto,idProveedor,precioProd,ganNet
0,1581711750834,1569944578630.0,False,Loción refrescante 1 litro rojo,1,12800,1577737947174,1601692029631.0,14900.0,0.1640625
1,1586993033668,1585771831283.0,False,Loción refrescante 1 litro rojo,1,12800,1577737947174,1601692029631.0,14900.0,0.1640625
2,1588732940706,1587596542574.0,False,Loción refrescante 1 litro rojo,1,12800,1577737947174,1601692029631.0,16900.0,0.3203125
3,1591897600407,1591456293380.0,False,Loción refrescante 1 litro rojo,1,12800,1577737947174,1601692029631.0,16900.0,0.3203125
4,1591911622448,1591637726491.0,False,Loción refrescante 1 litro rojo,1,12800,1577737947174,1601692029631.0,16900.0,0.3203125
5,1592103159379,1591459788130.0,False,Loción refrescante 1 litro rojo,1,12800,1577737947174,1601692029631.0,16900.0,0.3203125
