,idPedido,idUser,esCombo,nombreProducto,cantidadVendida,costoProd,idProducto,idProveedor,precioProd,ganNet
0,1590607979752,1588047602959.0,False,Soporte para máquina y patillera,1,25000,1577382595410,1601688802034.0,33500.0,0.3400000000000001
1,1597791376908,1597330031968.0,False,Soporte para máquina y patillera,1,25000,1577382595410,1601688802034.0,35900.0,0.43599999999999994
2,1599369075033,1599230693704.0,False,Soporte para máquina y patillera,1,25000,1577382595410,1601688802034.0,35900.0,0.43599999999999994
