,idPedido,idUser,esCombo,nombreProducto,cantidadVendida,costoProd,idProducto,idProveedor,precioProd,ganNet
0,1584478414006,1583518329966.0,False,guantes vinilo talla M,1,9200,1578595865466,111.0,14500.0,0.576086956521739
1,1585840716323,1585146738779.0,False,guantes vinilo talla M,1,9200,1578595865466,111.0,14500.0,0.576086956521739
2,1586651139385,1585033968968.0,False,guantes vinilo talla M,1,9200,1578595865466,111.0,14500.0,0.576086956521739
