,idPedido,idUser,esCombo,nombreProducto,cantidadVendida,costoProd,idProducto,idProveedor,precioProd,ganNet
0,1587696476098,1587486569282.0,False,Combo barba con cera + derma roller + Domicilio gratis,1,30500,1579898740608,1601742074643.0,59000.0,0.9344262295081966
1,1589589341233,1589330760114.0,False,Combo barba con cera + derma roller + Domicilio gratis,1,30500,1579898740608,1601742074643.0,59000.0,0.9344262295081966
2,1592012530166,1591717663433.0,False,Combo barba con cera + derma roller + Domicilio gratis,1,30500,1579898740608,1601742074643.0,59000.0,0.9344262295081966
3,1592697588390,1592695189535.0,False,Combo barba con cera + derma roller + Domicilio gratis,1,30500,1579898740608,1601742074643.0,59000.0,0.9344262295081966
4,1592930110454,1592512789117.0,False,Combo barba con cera + derma roller + Domicilio gratis,1,30500,1579898740608,1601742074643.0,59000.0,0.9344262295081966
5,1594864293403,1594751327197.0,False,Combo barba con cera + derma roller + Domicilio gratis,1,30500,1579898740608,1601742074643.0,59000.0,0.9344262295081966
