,idPedido,idUser,esCombo,nombreProducto,cantidadVendida,costoProd,idProducto,idProveedor,precioProd,ganNet
0,1580847422378,1580218991759.0,False,boton barbera dorada ,2,4800,1579047984054,1601688802034.0,18400.0,0.9166666666666667
1,1582812147492,1582632333270.0,False,boton barbera dorada ,1,4800,1579047984054,1601688802034.0,9200.0,0.9166666666666667
2,1583877998892,1583431426164.0,False,boton barbera dorada ,1,4800,1579047984054,1601688802034.0,9200.0,0.9166666666666667
3,1590882827360,1588037144526.0,False,boton barbera dorada ,1,4800,1579047984054,1601688802034.0,9200.0,0.9166666666666667
4,1592012363707,1585371525186.0,False,boton barbera dorada ,1,4800,1579047984054,1601688802034.0,9200.0,0.9166666666666667
5,1592012462244,1573402532685.0,False,boton barbera dorada ,1,4800,1579047984054,1601688802034.0,9200.0,0.9166666666666667
6,1601425339294,1601005457931.0,False,boton barbera dorada ,1,4800,1579047984054,1601688802034.0,9200.0,0.9166666666666667
