,idPedido,idUser,esCombo,nombreProducto,cantidadVendida,costoProd,idProducto,idProveedor,precioProd,ganNet
0,1584228879666,1584031151368.0,False,aretes máquina ,1,1800,1579046615546,1601688802034.0,3900.0,1.1666666666666665
1,1590029400972,1589136531994.0,False,aretes máquina ,1,1800,1579046615546,1601688802034.0,3900.0,1.1666666666666665
2,1591239165583,1591030399215.0,False,aretes máquina ,1,1800,1579046615546,1601688802034.0,3900.0,1.1666666666666665
3,1591897458835,1591312433699.0,False,aretes máquina ,1,1800,1579046615546,1601688802034.0,3900.0,1.1666666666666665
4,1595456586736,1594654469126.0,False,aretes máquina ,1,1800,1579046615546,1601688802034.0,3900.0,1.1666666666666665
