,idPedido,idUser,esCombo,nombreProducto,cantidadVendida,costoProd,idProducto,idProveedor,precioProd,ganNet
0,1588451862938,1588170245121.0,False,Cuchilla cerámica patillera Slimline pro li,1,8700,1579537386252,1601741606527.0,24900.0,1.8620689655172415
1,1591663953844,1590558441838.0,False,Cuchilla cerámica patillera Slimline pro li,1,8700,1579537386252,1601741606527.0,24900.0,1.8620689655172415
