,idPedido,idUser,esCombo,nombreProducto,cantidadVendida,costoProd,idProducto,idProveedor,precioProd,ganNet
0,1580583227519,1580484985425.0,False,cepillo mediano tipo andis,1,4800,1579896751296,111.0,9400.0,0.9583333333333333
1,1581449243059,1581340537516.0,False,cepillo mediano tipo andis,1,4800,1579896751296,111.0,9400.0,0.9583333333333333
2,1581711742721,1580310256779.0,False,cepillo mediano tipo andis,1,4800,1579896751296,111.0,9400.0,0.9583333333333333
