,idPedido,idUser,esCombo,nombreProducto,cantidadVendida,costoProd,idProducto,idProveedor,precioProd,ganNet
0,1580412676729,1580235630553.0,False,Cuchilla cerámica Detailer,1,8400,1579537973107,1601741606527.0,24900.0,1.9642857142857144
1,1587516744420,1587166652058.0,False,Cuchilla cerámica Detailer,1,8400,1579537973107,1601741606527.0,24900.0,1.9642857142857144
2,1592012351036,1585680632283.0,False,Cuchilla cerámica Detailer,1,8400,1579537973107,1601741606527.0,24900.0,1.9642857142857144
3,1593720867839,1593211563016.0,False,Cuchilla cerámica Detailer,1,8400,1579537973107,1601741606527.0,24900.0,1.9642857142857144
4,1595198203629,1595004251397.0,False,Cuchilla cerámica Detailer,1,8400,1579537973107,1601741606527.0,24900.0,1.9642857142857144
5,1601425241929,1600873908911.0,False,Cuchilla cerámica Detailer,2,8400,1579537973107,1601741606527.0,49800.0,1.9642857142857144
