,idPedido,idUser,esCombo,nombreProducto,cantidadVendida,costoProd,idProducto,idProveedor,precioProd,ganNet
0,1580847422378,1580218991759.0,False,manilla cuhilla,2,4600,1579048331836,1601688802034.0,22000.0,1.391304347826087
1,1583433053214,1581340537516.0,False,manilla cuhilla,1,4600,1579048331836,1601688802034.0,11000.0,1.391304347826087
2,1597625235426,1594697248792.0,False,manilla cuhilla,1,4600,1579048331836,1601688802034.0,11000.0,1.391304347826087
