,idPedido,idUser,esCombo,nombreProducto,cantidadVendida,costoProd,idProducto,idProveedor,precioProd,ganNet
0,1580244440687,1579904966902.0,False,Combo mix mate & brillante + domicilio,1,24000,1579902012504,1601849925811.0,39500.0,0.6458333333333333
1,1581104975032,1580818032944.0,False,Combo mix mate & brillante + domicilio,1,24000,1579902012504,1601849925811.0,39500.0,0.6458333333333333
2,1583353955093,1582922035978.0,False,Combo mix mate & brillante + domicilio,1,24000,1579902012504,1601849925811.0,39500.0,0.6458333333333333
3,1583878038896,1583590676850.0,False,Combo mix mate & brillante + domicilio,1,24000,1579902012504,1601849925811.0,39500.0,0.6458333333333333
4,1584632487166,1584457917990.0,False,Combo mix mate & brillante + domicilio,1,24000,1579902012504,1601849925811.0,39500.0,0.6458333333333333
5,1584655002961,1584543902761.0,False,Combo mix mate & brillante + domicilio,1,24000,1579902012504,1601849925811.0,39500.0,0.6458333333333333
6,1587516813567,1587163877668.0,False,Combo mix mate & brillante + domicilio,1,24000,1579902012504,1601849925811.0,39500.0,0.6458333333333333
7,1587700280549,1587584518995.0,False,Combo mix mate & brillante + domicilio,1,24000,1579902012504,1601849925811.0,44500.0,0.8541666666666667
8,1587872654612,1580153665910.0,False,Combo mix mate & brillante + domicilio,1,24000,1579902012504,1601849925811.0,44500.0,0.8541666666666667
