,idPedido,idUser,esCombo,nombreProducto,cantidadVendida,costoProd,idProducto,idProveedor,precioProd,ganNet
0,1581449598891,1581169931330.0,False,collar barbera ,1,2500,1579047583691,111.0,6900.0,1.7599999999999998
1,1583617919791,1583504224785.0,False,collar barbera ,3,2500,1579047583691,111.0,6900.0,-0.07999999999999996
2,1592012351036,1585680632283.0,False,collar barbera ,1,2500,1579047583691,111.0,6900.0,1.7599999999999998
