,idPedido,idUser,esCombo,nombreProducto,cantidadVendida,costoProd,idProducto,idProveedor,precioProd,ganNet
0,1582146612178,1582050123584.0,False,Combo tijeras azules 6',1,42300,1580589925687,111.0,67900.0,0.6052009456264775
1,1590714104006,1590502820079.0,False,Combo tijeras azules 6',1,42300,1580589925687,111.0,67900.0,0.6052009456264775
