,idPedido,idUser,esCombo,nombreProducto,cantidadVendida,costoProd,idProducto,idProveedor,precioProd,ganNet
0,1581017496411,1580826096868.0,False,cuchillas minora x5,1,1450,1580591047684,1601684853762.0,2300.0,0.5862068965517242
1,1600289278109,1599956564866.0,False,cuchillas minora x5,1,1450,1580591047684,1601684853762.0,2300.0,0.5862068965517242
2,1600484448818,1600367524158.0,False,cuchillas minora x5,1,1450,1580591047684,1601684853762.0,2300.0,0.5862068965517242
