,idPedido,idUser,esCombo,nombreProducto,cantidadVendida,costoProd,idProducto,idProveedor,precioProd,ganNet
0,1580760296620,1580568728151.0,False,Combo shave + domicilio,1,42800,1580152174162,111.0,69500.0,0.6238317757009346
1,1589324072350,1588864485089.0,False,Combo shave + domicilio,1,42800,1580152174162,111.0,69500.0,0.6238317757009346
2,1599060734340,1598554206088.0,False,Combo shave + domicilio,1,42800,1580152174162,111.0,69500.0,0.6238317757009346
