,idPedido,idUser,esCombo,nombreProducto,cantidadVendida,costoProd,idProducto,idProveedor,precioProd,ganNet
0,1585086897132,1584653131960.0,False,Combo big + domicilio,1,30800,1580572734374,1601692029631.0,49500.0,0.6071428571428572
1,1586993235036,1581179532810.0,False,Combo big + domicilio,1,30800,1580572734374,1601692029631.0,49500.0,0.6071428571428572
2,1588451391250,1579787649602.0,False,Combo big + domicilio,1,30800,1580572734374,1601692029631.0,49500.0,0.6071428571428572
3,1592101284329,1584653131960.0,False,Combo big + domicilio,1,30800,1580572734374,1601692029631.0,59500.0,0.9318181818181819
