,idPedido,idUser,esCombo,nombreProducto,cantidadVendida,costoProd,idProducto,idProveedor,precioProd,ganNet
0,1582148498998,1581964388416.0,False,Pomada Crema Reuzel Acabado Mate 1.3oz/35g,1,15000,1581711384662,1601687067772.0,27900.0,0.8600000000000001
1,1582236745025,1582125427651.0,False,Pomada Crema Reuzel Acabado Mate 1.3oz/35g,1,15000,1581711384662,1601687067772.0,27900.0,0.8600000000000001
2,1583530608412,1583407806460.0,False,Pomada Crema Reuzel Acabado Mate 1.3oz/35g,1,15000,1581711384662,1601687067772.0,27900.0,0.8600000000000001
3,1588222677479,1587800597797.0,False,Pomada Crema Reuzel Acabado Mate 1.3oz/35g,1,15000,1581711384662,1601687067772.0,27900.0,0.8600000000000001
4,1588733174916,1586460876855.0,False,Pomada Crema Reuzel Acabado Mate 1.3oz/35g,1,15000,1581711384662,1601687067772.0,27900.0,0.8600000000000001
5,1589585344385,1588804326727.0,False,Pomada Crema Reuzel Acabado Mate 1.3oz/35g,1,15000,1581711384662,1601687067772.0,27900.0,0.8600000000000001
6,1590536501858,1589904654760.0,False,Pomada Crema Reuzel Acabado Mate 1.3oz/35g,1,15000,1581711384662,1601687067772.0,27900.0,0.8600000000000001
7,1591897364865,1589253434697.0,False,Pomada Crema Reuzel Acabado Mate 1.3oz/35g,1,15000,1581711384662,1601687067772.0,27900.0,0.8600000000000001
