,idPedido,idUser,esCombo,nombreProducto,cantidadVendida,costoProd,idProducto,idProveedor,precioProd,ganNet
0,1582812092295,1581916152876.0,False,Pomada azul Reuzel acabado húmedo 1.3oz/35g,1,15000,1581711052707,1601687067772.0,27900.0,0.8600000000000001
1,1583433190489,1580664971288.0,False,Pomada azul Reuzel acabado húmedo 1.3oz/35g,1,15000,1581711052707,1601687067772.0,27900.0,0.8600000000000001
2,1583618113322,1583508745083.0,False,Pomada azul Reuzel acabado húmedo 1.3oz/35g,1,15000,1581711052707,1601687067772.0,27900.0,0.8600000000000001
3,1585840924318,1584319371632.0,False,Pomada azul Reuzel acabado húmedo 1.3oz/35g,1,15000,1581711052707,1601687067772.0,27900.0,0.8600000000000001
4,1588451609332,1587390475262.0,False,Pomada azul Reuzel acabado húmedo 1.3oz/35g,1,15000,1581711052707,1601687067772.0,27900.0,0.8600000000000001
5,1589168839588,1588605496534.0,False,Pomada azul Reuzel acabado húmedo 1.3oz/35g,1,15000,1581711052707,1601687067772.0,27900.0,0.8600000000000001
6,1592099108171,1582670586991.0,False,Pomada azul Reuzel acabado húmedo 1.3oz/35g,1,15000,1581711052707,1601687067772.0,27900.0,0.8600000000000001
