,idPedido,idUser,esCombo,nombreProducto,cantidadVendida,costoProd,idProducto,idProveedor,precioProd,ganNet
0,1582150399387,1581721248309.0,False,Pomada Arcilla Reuzel Acabado Mate 1.3oz/35g,1,15000,1581711054868,1601687067772.0,27900.0,0.8600000000000001
1,1582385885193,1582146295286.0,False,Pomada Arcilla Reuzel Acabado Mate 1.3oz/35g,1,15000,1581711054868,1601687067772.0,27900.0,0.8600000000000001
2,1587696452130,1587493199426.0,False,Pomada Arcilla Reuzel Acabado Mate 1.3oz/35g,1,15000,1581711054868,1601687067772.0,27900.0,0.8600000000000001
3,1590536501858,1589904654760.0,False,Pomada Arcilla Reuzel Acabado Mate 1.3oz/35g,1,15000,1581711054868,1601687067772.0,27900.0,0.8600000000000001
4,1590536809026,1590079244841.0,False,Pomada Arcilla Reuzel Acabado Mate 1.3oz/35g,1,15000,1581711054868,1601687067772.0,27900.0,0.8600000000000001
5,1591234869690,1590867245943.0,False,Pomada Arcilla Reuzel Acabado Mate 1.3oz/35g,1,15000,1581711054868,1601687067772.0,27900.0,0.8600000000000001
6,1596027313416,1595901575328.0,False,Pomada Arcilla Reuzel Acabado Mate 1.3oz/35g,1,15000,1581711054868,1601687067772.0,27900.0,0.8600000000000001
