,idPedido,idUser,esCombo,nombreProducto,cantidadVendida,costoProd,idProducto,idProveedor,precioProd,ganNet
0,1587516755834,1587165132236.0,False,Combo ossion + DOMICILIO,1,36400,1581957669969,1601741886998.0,53900.0,0.48076923076923084
1,1590630762102,1590184284463.0,False,Combo ossion + DOMICILIO,1,36400,1581957669969,1601741886998.0,53900.0,0.48076923076923084
