,idPedido,idUser,esCombo,nombreProducto,cantidadVendida,costoProd,idProducto,idProveedor,precioProd,ganNet
0,1581797357334,1580591343946.0,False,Andis patillera y shaver Finishing,1,330000,1581692901113,1601684853762.0,450000.0,0.36363636363636354
1,1592929853509,1592486883915.0,False,Andis patillera y shaver Finishing,1,330000,1581692901113,1601684853762.0,450000.0,0.36363636363636354
