,idPedido,idUser,esCombo,nombreProducto,cantidadVendida,costoProd,idProducto,idProveedor,precioProd,ganNet
0,1587700377029,1587573382778.0,False,Cera ossion Ultra Hold acabado húmedo 150ml/5.1oz,1,13900,1581707312218,1601741886998.0,25900.0,0.8633093525179856
1,1589589128939,1589290101341.0,False,Cera ossion Ultra Hold acabado húmedo 150ml/5.1oz,1,13900,1581707312218,1601741886998.0,25900.0,0.8633093525179856
2,1591234679593,1580664971288.0,False,Cera ossion Ultra Hold acabado húmedo 150ml/5.1oz,1,13900,1581707312218,1601741886998.0,25900.0,0.8633093525179856
3,1592443759565,1585707339479.0,False,Cera ossion Ultra Hold acabado húmedo 150ml/5.1oz,1,13900,1581707312218,1601741886998.0,25900.0,0.8633093525179856
4,1594864183851,1594742518608.0,False,Cera ossion Ultra Hold acabado húmedo 150ml/5.1oz,1,13900,1581707312218,1601741886998.0,25900.0,0.8633093525179856
5,1594864250838,1580664971288.0,False,Cera ossion Ultra Hold acabado húmedo 150ml/5.1oz,1,13900,1581707312218,1601741886998.0,25900.0,0.8633093525179856
6,1595560622176,1595435026767.0,False,Cera ossion Ultra Hold acabado húmedo 150ml/5.1oz,1,13900,1581707312218,1601741886998.0,25900.0,0.8633093525179856
7,1598836505416,1598466041851.0,False,Cera ossion Ultra Hold acabado húmedo 150ml/5.1oz,1,13900,1581707312218,1601741886998.0,25900.0,0.8633093525179856
8,1601159408891,1580664971288.0,False,Cera ossion Ultra Hold acabado húmedo 150ml/5.1oz,1,13900,1581707312218,1601741886998.0,25900.0,0.8633093525179856
