,idPedido,idUser,esCombo,nombreProducto,cantidadVendida,costoProd,idProducto,idProveedor,precioProd,ganNet
0,1582385845467,1582151088400.0,False,Pomada Fibra Reuzel acabado mate 1.3oz/35g,1,15000,1581711632167,1601687067772.0,27900.0,0.8600000000000001
1,1583353340025,1569162586738.0,False,Pomada Fibra Reuzel acabado mate 1.3oz/35g,1,15000,1581711632167,1601687067772.0,27900.0,0.8600000000000001
2,1583530506875,1574127112825.0,False,Pomada Fibra Reuzel acabado mate 1.3oz/35g,1,15000,1581711632167,1601687067772.0,27900.0,0.8600000000000001
3,1583616694933,1583342381937.0,False,Pomada Fibra Reuzel acabado mate 1.3oz/35g,1,15000,1581711632167,1601687067772.0,27900.0,0.8600000000000001
4,1584480865967,1583715659138.0,False,Pomada Fibra Reuzel acabado mate 1.3oz/35g,1,15000,1581711632167,1601687067772.0,27900.0,0.8600000000000001
5,1590536809026,1590079244841.0,False,Pomada Fibra Reuzel acabado mate 1.3oz/35g,1,15000,1581711632167,1601687067772.0,27900.0,0.8600000000000001
