,idPedido,idUser,esCombo,nombreProducto,cantidadVendida,costoProd,idProducto,idProveedor,precioProd,ganNet
0,1582826685004,1582486074259.0,False,mascarilla danjia barro volcanico,1,9000,1582576669347,1601688802034.0,14800.0,0.6444444444444444
1,1583530530905,1583338650766.0,False,mascarilla danjia barro volcanico,1,9000,1582576669347,1601688802034.0,14800.0,0.6444444444444444
2,1583617526229,1583435628467.0,False,mascarilla danjia barro volcanico,1,9000,1582576669347,1601688802034.0,14800.0,0.6444444444444444
3,1584480892757,1584308414651.0,False,mascarilla danjia barro volcanico,1,9000,1582576669347,1601688802034.0,14800.0,0.6444444444444444
4,1584632431133,1579211838356.0,False,mascarilla danjia barro volcanico,1,9000,1582576669347,1601688802034.0,14800.0,0.6444444444444444
5,1587516755834,1587165132236.0,False,mascarilla danjia barro volcanico,1,9000,1582576669347,1601688802034.0,14800.0,0.6444444444444444
6,1597885343015,1589162464216.0,False,mascarilla danjia barro volcanico,1,9000,1582576669347,1601688802034.0,15400.0,0.711111111111111
7,1599086931333,1598857111298.0,False,mascarilla danjia barro volcanico,1,9000,1582576669347,1601688802034.0,15400.0,0.711111111111111
