,idPedido,idUser,esCombo,nombreProducto,cantidadVendida,costoProd,idProducto,idProveedor,precioProd,ganNet
0,1591409208899,1590856761805.0,False,"Combo tijeras jaguar azul rayada 6""",1,41000,1582920754416,111.0,67900.0,0.6560975609756097
1,1594849822020,1594402147845.0,False,"Combo tijeras jaguar azul rayada 6""",1,41000,1582920754416,111.0,67900.0,0.6560975609756097
2,1595094687636,1594215598346.0,False,"Combo tijeras jaguar azul rayada 6""",1,41000,1582920754416,111.0,67900.0,0.6560975609756097
3,1595695112636,1595058859243.0,False,"Combo tijeras jaguar azul rayada 6""",1,41000,1582920754416,111.0,67900.0,0.6560975609756097
4,1602291649654,1601859266872.0,False,"Combo tijeras jaguar azul rayada 6""",1,41000,1582920754416,111.0,67900.0,0.6560975609756097
5,1602291670266,1601752162831.0,False,"Combo tijeras jaguar azul rayada 6""",1,41000,1582920754416,111.0,67900.0,0.6560975609756097
