,idPedido,idUser,esCombo,nombreProducto,cantidadVendida,costoProd,idProducto,idProveedor,precioProd,ganNet
0,1588126765050,1580599627627.0,False,Loción After Shave 750ml Mr buffel,1,16000,1582916220453,1601849925811.0,19800.0,0.23750000000000004
1,1589168915292,1588388545468.0,False,Loción After Shave 750ml Mr buffel,1,16000,1582916220453,1601849925811.0,19800.0,0.23750000000000004
2,1589235765123,1588158264273.0,False,Loción After Shave 750ml Mr buffel,1,16000,1582916220453,1601849925811.0,19800.0,0.23750000000000004
3,1592443935908,1592065050070.0,False,Loción After Shave 750ml Mr buffel,1,16000,1582916220453,1601849925811.0,19800.0,0.23750000000000004
4,1597183371696,1596473262267.0,False,Loción After Shave 750ml Mr buffel,4,16000,1582916220453,1601849925811.0,87200.0,0.36250000000000004
5,1601076701420,1600870244744.0,False,Loción After Shave 750ml Mr buffel,1,16000,1582916220453,1601849925811.0,21800.0,0.36250000000000004
6,1602631748863,1584319371632.0,False,Loción After Shave 750ml Mr buffel,1,16000,1582916220453,1601849925811.0,21800.0,0.36250000000000004
