,idPedido,idUser,esCombo,nombreProducto,cantidadVendida,costoProd,idProducto,idProveedor,precioProd,ganNet
0,1584135737918,1583250870069.0,False,cera sin lienzo peque単a,1,3000,1582407621333,1601684853762.0,6800.0,1.2666666666666666
1,1586993283425,1584033195638.0,False,cera sin lienzo peque単a,2,3000,1582407621333,1601684853762.0,13600.0,1.2666666666666666
2,1590986006240,1584033195638.0,False,cera sin lienzo peque単a,2,3000,1582407621333,1601684853762.0,13600.0,1.2666666666666666
3,1591234303171,1590625645808.0,False,cera sin lienzo peque単a,1,3000,1582407621333,1601684853762.0,6800.0,1.2666666666666666
