,idPedido,idUser,esCombo,nombreProducto,cantidadVendida,costoProd,idProducto,idProveedor,precioProd,ganNet
0,1586993395865,1586453984039.0,False,Combo master azul + domicilio gratis,1,31600,1582919458925,111.0,49500.0,0.5664556962025316
1,1592697023742,1592402810246.0,False,Combo master azul + domicilio gratis,1,31600,1582919458925,111.0,49500.0,0.5664556962025316
2,1595094704890,1594254547280.0,False,Combo master azul + domicilio gratis,1,31600,1582919458925,111.0,54900.0,0.7373417721518987
3,1599246583201,1598457507747.0,False,Combo master azul + domicilio gratis,1,31600,1582919458925,111.0,54900.0,0.7373417721518987
