,idPedido,idUser,esCombo,nombreProducto,cantidadVendida,costoProd,idProducto,idProveedor,precioProd,ganNet
0,1586477107909,1586360983065.0,False,Combo completo 2 + domicilio gratis,1,24700,1582393325996,1601692029631.0,39500.0,0.5991902834008098
1,1586478124296,1583407806460.0,False,Combo completo 2 + domicilio gratis,1,24700,1582393325996,1601692029631.0,39500.0,0.5991902834008098
2,1602355061875,1602100666953.0,False,Combo completo 2 + domicilio gratis,1,24700,1582393325996,1601692029631.0,49500.0,1.0040485829959516
