,idPedido,idUser,esCombo,nombreProducto,cantidadVendida,costoProd,idProducto,idProveedor,precioProd,ganNet
0,1588733248308,1582298163215.0,False,tapa diseño,1,7000,1583175251393,111.0,14900.0,1.1285714285714286
1,1591664008741,1591205047177.0,False,tapa diseño,1,7000,1583175251393,111.0,14900.0,1.1285714285714286
