,idPedido,idUser,esCombo,nombreProducto,cantidadVendida,costoProd,idProducto,idProveedor,precioProd,ganNet
0,1583966780570,1583589732885.0,False,Capa grande barber calavera,3,11000,1583589873383,111.0,53700.0,0.6272727272727272
1,1584214739703,1583431379816.0,False,Capa grande barber calavera,1,13500,1583589873383,111.0,17900.0,0.32592592592592595
2,1585087207012,1582688411419.0,False,Capa grande barber calavera,1,13500,1583589873383,111.0,17900.0,0.32592592592592595
3,1589585373737,1588878739192.0,False,Capa grande barber calavera,1,13500,1583589873383,111.0,17900.0,0.32592592592592595
4,1589585751672,1589227087110.0,False,Capa grande barber calavera,1,13500,1583589873383,111.0,17900.0,0.32592592592592595
5,1589589099916,1588479209349.0,False,Capa grande barber calavera,1,13500,1583589873383,111.0,17900.0,0.32592592592592595
6,1590607979752,1588047602959.0,False,Capa grande barber calavera,1,13500,1583589873383,111.0,17900.0,0.32592592592592595
7,1591398050442,1590728018083.0,False,Capa grande barber calavera,1,13500,1583589873383,111.0,17900.0,0.32592592592592595
8,1592103146519,1584293638196.0,False,Capa grande barber calavera,1,13500,1583589873383,111.0,17900.0,0.32592592592592595
