,idPedido,idUser,esCombo,nombreProducto,cantidadVendida,costoProd,idProducto,idProveedor,precioProd,ganNet
0,1584225247419,1584225184100.0,False,jabon de manos frutal antibacterial venux 1 Lt,2,3400,1584029923995,111.0,23800.0,2.5
1,1584654917100,1584536937449.0,False,jabon de manos frutal antibacterial venux 1 Lt,2,3400,1584029923995,111.0,23800.0,2.5
2,1585087051856,1584632108425.0,False,jabon de manos frutal antibacterial venux 1 Lt,1,3400,1584029923995,111.0,11900.0,2.5
3,1591244979042,1589854382919.0,False,jabon de manos frutal antibacterial venux 1 Lt,3,3400,1584029923995,111.0,29100.0,1.8529411764705883
4,1591662929378,1591049204877.0,False,jabon de manos frutal antibacterial venux 1 Lt,1,3400,1584029923995,111.0,9700.0,1.8529411764705883
