,idPedido,idUser,esCombo,nombreProducto,cantidadVendida,costoProd,idProducto,idProveedor,precioProd,ganNet
0,1584480797118,1584332317265.0,False,Guantes Maxbold (TALLA S),1,20800,1584226705174,111.0,28900.0,0.38942307692307687
1,1585418845250,1584972625168.0,False,Guantes Maxbold (TALLA S),1,20800,1584226705174,111.0,28900.0,0.38942307692307687
2,1586993171293,1586780929628.0,False,Guantes Maxbold (TALLA S),1,20800,1584226705174,111.0,28900.0,0.38942307692307687
