,idPedido,idUser,esCombo,nombreProducto,cantidadVendida,costoProd,idProducto,idProveedor,precioProd,ganNet
0,1584655342611,1584553215460.0,False,6 minoxifort 7% + DOMICILIO GRATIS,1,150000,1584220094787,111.0,279000.0,0.8600000000000001
1,1589589153257,1589299803207.0,False,6 minoxifort 7% + DOMICILIO GRATIS,1,150000,1584220094787,111.0,279000.0,0.8600000000000001
2,1598836334424,1598313963016.0,False,6 minoxifort 7% + DOMICILIO GRATIS,1,150000,1584220094787,111.0,279000.0,0.8600000000000001
3,1601159260758,1600792878428.0,False,6 minoxifort 7% + DOMICILIO GRATIS,1,150000,1584220094787,111.0,279000.0,0.8600000000000001
