,idPedido,idUser,esCombo,nombreProducto,cantidadVendida,costoProd,idProducto,idProveedor,precioProd,ganNet
0,1589235543982,1588303128978.0,False,Set barber TM 9001 C,1,3800,1587779932591,111.0,8200.0,1.1578947368421053
1,1589850913865,1589491221204.0,False,Set barber TM 9001 C,1,3800,1587779932591,111.0,8200.0,1.1578947368421053
2,1590631016526,1590257310719.0,False,Set barber TM 9001 C,1,3800,1587779932591,111.0,8200.0,1.1578947368421053
3,1591238835522,1589647492067.0,False,Set barber TM 9001 C,1,3800,1587779932591,111.0,8200.0,1.1578947368421053
4,1592693831941,1592351313028.0,False,Set barber TM 9001 C,1,3800,1587779932591,111.0,8200.0,1.1578947368421053
5,1593903077421,1593541963083.0,False,Set barber TM 9001 C,1,3800,1587779932591,111.0,8200.0,1.1578947368421053
6,1593921855998,1593545685430.0,False,Set barber TM 9001 C,1,3800,1587779932591,111.0,8200.0,1.1578947368421053
7,1599010393292,1598720796771.0,False,Set barber TM 9001 C,1,3800,1587779932591,111.0,8200.0,1.1578947368421053
