,idPedido,idUser,esCombo,nombreProducto,cantidadVendida,costoProd,idProducto,idProveedor,precioProd,ganNet
0,1590108490635,1584379621678.0,False,Brocha tintura,1,450,1587782310335,111.0,2900.0,5.444444444444445
1,1590985808249,1590519623896.0,False,Brocha tintura,1,450,1587782310335,111.0,2900.0,5.444444444444445
2,1591911459359,1591551900808.0,False,Brocha tintura,1,450,1587782310335,111.0,2900.0,5.444444444444445
3,1592012385957,1589240402831.0,False,Brocha tintura,1,450,1587782310335,111.0,2900.0,5.444444444444445
4,1593061452611,1592664666494.0,False,Brocha tintura,1,450,1587782310335,111.0,2900.0,5.444444444444445
5,1594261919974,1593752721400.0,False,Brocha tintura,1,450,1587782310335,111.0,2900.0,5.444444444444445
