,idPedido,idUser,esCombo,nombreProducto,cantidadVendida,costoProd,idProducto,idProveedor,precioProd,ganNet
0,1591897364865,1589253434697.0,False,Cepillo secador,1,2200,1587781212885,111.0,6900.0,2.1363636363636362
1,1595094885872,1594906817897.0,False,Cepillo secador,1,2200,1587781212885,111.0,6900.0,2.1363636363636362
2,1602791987747,1601735527387.0,False,Cepillo secador,1,2200,1587781212885,111.0,6900.0,2.1363636363636362
