,idPedido,idUser,esCombo,nombreProducto,cantidadVendida,costoProd,idProducto,idProveedor,precioProd,ganNet
0,1588741517200,1588428828708.0,False,Kit manicure profesional,1,2200,1587779614170,111.0,6900.0,2.1363636363636362
1,1594335737744,1591871356462.0,False,Kit manicure profesional,1,2200,1587779614170,111.0,6900.0,2.1363636363636362
