,idPedido,idUser,esCombo,nombreProducto,cantidadVendida,costoProd,idProducto,idProveedor,precioProd,ganNet
0,1588451391250,1579787649602.0,False,Peine carbono,2,1500,1587530975809,111.0,13800.0,3.5999999999999996
1,1588451609332,1587390475262.0,False,Peine carbono,1,1500,1587530975809,111.0,6900.0,3.5999999999999996
2,1591663981795,1586460876855.0,False,Peine carbono,1,1500,1587530975809,111.0,6900.0,3.5999999999999996
