,idPedido,idUser,esCombo,nombreProducto,cantidadVendida,costoProd,idProducto,idProveedor,precioProd,ganNet
0,1590536533296,1589989361779.0,False,Tijera metálica profesional,1,9000,1587779525601,111.0,24900.0,1.7666666666666666
1,1591121433011,1590788356812.0,False,Tijera metálica profesional,1,9000,1587779525601,111.0,24900.0,1.7666666666666666
2,1592099172105,1578602714430.0,False,Tijera metálica profesional,1,9000,1587779525601,111.0,24900.0,1.7666666666666666
3,1595442752270,1595088435692.0,False,Tijera metálica profesional,1,9000,1587779525601,111.0,24900.0,1.7666666666666666
4,1596027044596,1594474128521.0,False,Tijera metálica profesional,1,9000,1587779525601,111.0,24900.0,1.7666666666666666
5,1597625624068,1597332333250.0,False,Tijera metálica profesional,1,9000,1587779525601,111.0,24900.0,1.7666666666666666
6,1597885696178,1597766615137.0,False,Tijera metálica profesional,1,9000,1587779525601,111.0,24900.0,1.7666666666666666
