,idPedido,idUser,esCombo,nombreProducto,cantidadVendida,costoProd,idProducto,idProveedor,precioProd,ganNet
0,1592101302053,1591892363357.0,False,Peine carbono,1,1500,1587531034414,111.0,6900.0,3.5999999999999996
1,1594335634022,1587263190908.0,False,Peine carbono,1,1500,1587531034414,111.0,6900.0,3.5999999999999996
