,idPedido,idUser,esCombo,nombreProducto,cantidadVendida,costoProd,idProducto,idProveedor,precioProd,ganNet
0,1590108620343,1589847862460.0,False,Peine militar,1,450,1587780812757,111.0,1900.0,3.2222222222222223
1,1590714000470,1590193346918.0,False,Peine militar,1,450,1587780812757,111.0,1900.0,3.2222222222222223
2,1591239068533,1590929332547.0,False,Peine militar,2,450,1587780812757,111.0,3800.0,3.2222222222222223
3,1591897378677,1590773125657.0,False,Peine militar,2,450,1587780812757,111.0,3800.0,3.2222222222222223
4,1592455234568,1581822141845.0,False,Peine militar,1,450,1587780812757,111.0,1900.0,3.2222222222222223
5,1594430255408,1594093628356.0,False,Peine militar,1,450,1587780812757,111.0,1900.0,3.2222222222222223
6,1597183302821,1595867015635.0,False,Peine militar,1,450,1587780812757,111.0,1900.0,3.2222222222222223
