,idPedido,idUser,esCombo,nombreProducto,cantidadVendida,costoProd,idProducto,idProveedor,precioProd,ganNet
0,1591743682301,1591469969604.0,False,guantes nitrilo  asafe S,2,29000,1588012061741,111.0,45000.0,-0.22413793103448276
1,1597283480257,1597154799049.0,False,guantes nitrilo  asafe S,1,29000,1588012061741,111.0,45000.0,0.5517241379310345
2,1597885293579,1597520551548.0,False,guantes nitrilo  asafe S,1,29000,1588012061741,111.0,45000.0,0.5517241379310345
