,idPedido,idUser,esCombo,nombreProducto,cantidadVendida,costoProd,idProducto,idProveedor,precioProd,ganNet
0,1598653685830,1598284537371.0,False,Combo alcohol + domicilio gratis,1,17500,1588919967163,111.0,34900.0,0.9942857142857142
1,1601586908666,1598500543395.0,False,Combo alcohol + domicilio gratis,1,17500,1588919967163,111.0,34900.0,0.9942857142857142
