,idPedido,idUser,esCombo,nombreProducto,cantidadVendida,costoProd,idProducto,idProveedor,precioProd,ganNet
0,1589163772368,1588474953785.0,False,Guías 6 unidades,1,7900,1588716328409,111.0,16900.0,1.1392405063291138
1,1592455137521,1592061869744.0,False,Guías 6 unidades,1,7900,1588716328409,111.0,16900.0,1.1392405063291138
2,1592455389927,1592326421778.0,False,Guías 6 unidades,1,7900,1588716328409,111.0,16900.0,1.1392405063291138
3,1593061497201,1592672207165.0,False,Guías 6 unidades,1,7900,1588716328409,111.0,16900.0,1.1392405063291138
