,idPedido,idUser,esCombo,nombreProducto,cantidadVendida,costoProd,idProducto,idProveedor,precioProd,ganNet
0,1590420932941,1590107641953.0,False,Careta profesional abatible,5,5500,1589666541892,111.0,14900.0,-0.45818181818181813
1,1598653763342,1598458488799.0,False,Careta profesional abatible,1,5500,1589666541892,111.0,14900.0,1.709090909090909
