,idPedido,idUser,esCombo,nombreProducto,cantidadVendida,costoProd,idProducto,idProveedor,precioProd,ganNet
0,1591244979042,1589854382919.0,False,Decorativo Reuzel V3 Pete Punk,1,15000,1589675688183,111.0,22900.0,0.5266666666666666
1,1592099217062,1591816376577.0,False,Decorativo Reuzel V3 Pete Punk,1,15000,1589675688183,111.0,22900.0,0.5266666666666666
2,1599368979221,1599141356876.0,False,Decorativo Reuzel V3 Pete Punk,1,15000,1589675688183,111.0,22900.0,0.5266666666666666
