,idPedido,idUser,esCombo,nombreProducto,cantidadVendida,costoProd,idProducto,idProveedor,precioProd,ganNet
0,1599254561343,1597935066933.0,False,Afeitadora cejas y bigote,1,14500,1589164925185,111.0,21900.0,0.5103448275862068
1,1601586908666,1598500543395.0,False,Afeitadora cejas y bigote,1,14500,1589164925185,111.0,21900.0,0.5103448275862068
