,idPedido,idUser,esCombo,nombreProducto,cantidadVendida,costoProd,idProducto,idProveedor,precioProd,ganNet
0,1592693845361,1592405422936.0,False,Combo completo Barbaros + DOMICILIO GRATIS,1,26700,1589663722702,111.0,49000.0,0.8352059925093633
1,1594430315891,1594136621151.0,False,Combo completo Barbaros + DOMICILIO GRATIS,1,26700,1589663722702,111.0,49000.0,0.8352059925093633
2,1594943101022,1592968278594.0,False,Combo completo Barbaros + DOMICILIO GRATIS,1,26700,1589663722702,111.0,49000.0,0.8352059925093633
3,1598392767838,1598104425041.0,False,Combo completo Barbaros + DOMICILIO GRATIS,1,26700,1589663722702,111.0,49000.0,0.8352059925093633
4,1599061205068,1598891096029.0,False,Combo completo Barbaros + DOMICILIO GRATIS,1,26700,1589663722702,111.0,49000.0,0.8352059925093633
5,1599936259040,1599612070782.0,False,Combo completo Barbaros + DOMICILIO GRATIS,1,26700,1589663722702,111.0,49000.0,0.8352059925093633
