,idPedido,idUser,esCombo,nombreProducto,cantidadVendida,costoProd,idProducto,idProveedor,precioProd,ganNet
0,1595695234398,1595465062718.0,False,Gel afeitar 1 litro barbaros,1,11900,1589166844677,111.0,18900.0,0.588235294117647
1,1596573846860,1596146246391.0,False,Gel afeitar 1 litro barbaros,1,11900,1589166844677,111.0,18900.0,0.588235294117647
2,1599087053098,1598972170781.0,False,Gel afeitar 1 litro barbaros,1,11900,1589166844677,111.0,18900.0,0.588235294117647
3,1600289453604,1600099941658.0,False,Gel afeitar 1 litro barbaros,1,11900,1589166844677,111.0,18900.0,0.588235294117647
