,idPedido,idUser,esCombo,nombreProducto,cantidadVendida,costoProd,idProducto,idProveedor,precioProd,ganNet
0,1591663937853,1580128035841.0,False,Careta sencilla,1,3500,1589675294176,111.0,9400.0,1.6857142857142855
1,1595805690175,1595459654193.0,False,Careta sencilla,2,3500,1589675294176,111.0,18800.0,1.6857142857142855
2,1596752267227,1594748097135.0,False,Careta sencilla,1,3500,1589675294176,111.0,9400.0,1.6857142857142855
