,idPedido,idUser,esCombo,nombreProducto,cantidadVendida,costoProd,idProducto,idProveedor,precioProd,ganNet
0,1591409288238,1591183889156.0,False,Tapa bocas diseño doble capa,1,3000,1590893316705,,5900.0,0.9666666666666666
1,1591911622448,1591637726491.0,False,Tapa bocas diseño doble capa,1,3000,1590893316705,,5900.0,0.9666666666666666
2,1592103159379,1591459788130.0,False,Tapa bocas diseño doble capa,1,3000,1590893316705,,5900.0,0.9666666666666666
3,1593565474098,1583167514677.0,False,Tapa bocas diseño doble capa,1,3000,1590893316705,,5900.0,0.9666666666666666
4,1593911438102,1590717035581.0,False,Tapa bocas diseño doble capa,1,3000,1590893316705,,5900.0,0.9666666666666666
