,idPedido,idUser,esCombo,nombreProducto,cantidadVendida,costoProd,idProducto,idProveedor,precioProd,ganNet
0,1592101183922,1591811741685.0,False,Estuche manicura profesional Euro,1,18000,1590882467257,111.0,29400.0,0.6333333333333333
1,1592455234568,1581822141845.0,False,Estuche manicura profesional Euro,1,18000,1590882467257,111.0,29400.0,0.6333333333333333
2,1593061303105,1592338049993.0,False,Estuche manicura profesional Euro,1,18000,1590882467257,111.0,29400.0,0.6333333333333333
3,1593210728348,1592748941633.0,False,Estuche manicura profesional Euro,1,18000,1590882467257,111.0,29400.0,0.6333333333333333
4,1594849450586,1594076196273.0,False,Estuche manicura profesional Euro,1,18000,1590882467257,111.0,29400.0,0.6333333333333333
5,1596945860107,1596476075997.0,False,Estuche manicura profesional Euro,1,18000,1590882467257,111.0,29400.0,0.6333333333333333
6,1597183536811,1596720382123.0,False,Estuche manicura profesional Euro,1,18000,1590882467257,111.0,29400.0,0.6333333333333333
7,1600482334340,1600089917707.0,False,Estuche manicura profesional Euro,1,18000,1590882467257,111.0,29400.0,0.6333333333333333
8,1602631722950,1602259306238.0,False,Estuche manicura profesional Euro,1,18000,1590882467257,111.0,29400.0,0.6333333333333333
