,idPedido,idUser,esCombo,nombreProducto,cantidadVendida,costoProd,idProducto,idProveedor,precioProd,ganNet
0,1593061476926,1587856814424.0,False,Capa pl치stica para 1 uso,1,650,1591653784926,111.0,1800.0,1.7692307692307692
1,1595456122495,1594933113724.0,False,Capa pl치stica para 1 uso,1,650,1591653784926,111.0,1400.0,1.1538461538461537
2,1595805624415,1595085738321.0,False,Capa pl치stica para 1 uso,5,650,1591653784926,111.0,7000.0,1.1538461538461537
3,1602734679344,1602369214137.0,False,Capa pl치stica para 1 uso,12,650,1591653784926,111.0,11400.0,0.46153846153846145
