,idPedido,idUser,esCombo,nombreProducto,cantidadVendida,costoProd,idProducto,idProveedor,precioProd,ganNet
0,1592455113856,1583163322298.0,False,Combo 6 unidades minoxidil Karicia + domicilio gratis,1,67200,1591515183247,111.0,119000.0,0.7708333333333333
1,1593565373897,1593091910075.0,False,Combo 6 unidades minoxidil Karicia + domicilio gratis,1,67200,1591515183247,111.0,119000.0,0.7708333333333333
2,1595560282822,1595337419822.0,False,Combo 6 unidades minoxidil Karicia + domicilio gratis,1,67200,1591515183247,111.0,119000.0,0.7708333333333333
3,1597625558930,1597330866028.0,False,Combo 6 unidades minoxidil Karicia + domicilio gratis,1,67200,1591515183247,111.0,119000.0,0.7708333333333333
4,1600481588689,1599956855686.0,False,Combo 6 unidades minoxidil Karicia + domicilio gratis,1,67200,1591515183247,111.0,119000.0,0.7708333333333333
