,idPedido,idUser,esCombo,nombreProducto,cantidadVendida,costoProd,idProducto,idProveedor,precioProd,ganNet
0,1596418787632,1596131111535.0,False,3 unidades Minoxidil Kirkland + DOMICILIO GRATIS,1,60000,1593923941810,111.0,99000.0,0.6499999999999999
1,1597183482954,1596663924975.0,False,3 unidades Minoxidil Kirkland + DOMICILIO GRATIS,1,60000,1593923941810,111.0,99000.0,0.6499999999999999
2,1598147756130,1598124233819.0,False,3 unidades Minoxidil Kirkland + DOMICILIO GRATIS,1,60000,1593923941810,111.0,99000.0,0.6499999999999999
3,1599087081598,1598979437837.0,False,3 unidades Minoxidil Kirkland + DOMICILIO GRATIS,1,60000,1593923941810,111.0,99000.0,0.6499999999999999
4,1599246802567,1598975607807.0,False,3 unidades Minoxidil Kirkland + DOMICILIO GRATIS,1,60000,1593923941810,111.0,99000.0,0.6499999999999999
5,1599254957202,1599072771775.0,False,3 unidades Minoxidil Kirkland + DOMICILIO GRATIS,1,60000,1593923941810,111.0,99000.0,0.6499999999999999
6,1599713832218,1599578203587.0,False,3 unidades Minoxidil Kirkland + DOMICILIO GRATIS,1,60000,1593923941810,111.0,99000.0,0.6499999999999999
7,1600055210294,1599831591946.0,False,3 unidades Minoxidil Kirkland + DOMICILIO GRATIS,1,60000,1593923941810,111.0,99000.0,0.6499999999999999
8,1601155835623,1600880472379.0,False,3 unidades Minoxidil Kirkland + DOMICILIO GRATIS,1,60000,1593923941810,111.0,99000.0,0.6499999999999999
