,idPedido,idUser,esCombo,nombreProducto,cantidadVendida,costoProd,idProducto,idProveedor,precioProd,ganNet
0,1597625218972,1595940287602.0,False,Capa calavera corte,1,9500,1594336010478,111.0,16900.0,0.7789473684210526
1,1599246676715,1594386410613.0,False,Capa calavera corte,2,9500,1594336010478,111.0,33800.0,0.7789473684210526
2,1600055073961,1599754845525.0,False,Capa calavera corte,1,9500,1594336010478,111.0,16900.0,0.7789473684210526
3,1600482369887,1600139340120.0,False,Capa calavera corte,1,9500,1594336010478,111.0,16900.0,0.7789473684210526
4,1600484448818,1600367524158.0,False,Capa calavera corte,1,9500,1594336010478,111.0,16900.0,0.7789473684210526
5,1600984536484,1600713741308.0,False,Capa calavera corte,1,9500,1594336010478,111.0,16900.0,0.7789473684210526
6,1602022435176,1601740080776.0,False,Capa calavera corte,1,9500,1594336010478,111.0,16900.0,0.7789473684210526
7,1602039066283,1590532315796.0,False,Capa calavera corte,1,9500,1594336010478,111.0,16900.0,0.7789473684210526
8,1602291715181,1601843630428.0,False,Capa calavera corte,1,9500,1594336010478,111.0,16900.0,0.7789473684210526
