,idPedido,idUser,esCombo,nombreProducto,cantidadVendida,costoProd,idProducto,idProveedor,precioProd,ganNet
0,1595094949620,1594909898988.0,False,Minoxihair 12% + shampoo + derma roller + domicilio,1,66700,1594313270261,111.0,109000.0,0.6341829085457271
1,1595458562211,1595352029573.0,False,Minoxihair 12% + shampoo + derma roller + domicilio,1,66700,1594313270261,111.0,109000.0,0.6341829085457271
2,1596418638140,1596018158600.0,False,Minoxihair 12% + shampoo + derma roller + domicilio,1,66700,1594313270261,111.0,109000.0,0.6341829085457271
3,1600055596223,1599857279532.0,False,Minoxihair 12% + shampoo + derma roller + domicilio,1,66700,1594313270261,111.0,109000.0,0.6341829085457271
4,1600287653797,1599336808231.0,False,Minoxihair 12% + shampoo + derma roller + domicilio,1,66700,1594313270261,111.0,109000.0,0.6341829085457271
5,1602039035174,1601743638193.0,False,Minoxihair 12% + shampoo + derma roller + domicilio,2,66700,1594313270261,111.0,218000.0,0.6341829085457271
6,1602196032609,1602009686988.0,False,Minoxihair 12% + shampoo + derma roller + domicilio,1,66700,1594313270261,111.0,109000.0,0.6341829085457271
