,idPedido,idUser,esCombo,nombreProducto,cantidadVendida,costoProd,idProducto,idProveedor,precioProd,ganNet
0,1596752285941,1596140019505.0,False,Minoxihair 12% + derma roller + domicilio,1,55500,1594313561153,111.0,89000.0,0.6036036036036037
1,1596945860107,1596476075997.0,False,Minoxihair 12% + derma roller + domicilio,1,55500,1594313561153,111.0,89000.0,0.6036036036036037
2,1597358862320,1597262017063.0,False,Minoxihair 12% + derma roller + domicilio,1,55500,1594313561153,111.0,89000.0,0.6036036036036037
3,1597625440016,1597328850512.0,False,Minoxihair 12% + derma roller + domicilio,1,55500,1594313561153,111.0,89000.0,0.6036036036036037
4,1598114044737,1597854822835.0,False,Minoxihair 12% + derma roller + domicilio,1,55500,1594313561153,111.0,89000.0,0.6036036036036037
5,1600407314690,1600128238688.0,False,Minoxihair 12% + derma roller + domicilio,2,55500,1594313561153,111.0,178000.0,0.6036036036036037
6,1600407474152,1600181113327.0,False,Minoxihair 12% + derma roller + domicilio,1,55500,1594313561153,111.0,89000.0,0.6036036036036037
7,1600482403152,1600270842444.0,False,Minoxihair 12% + derma roller + domicilio,2,55500,1594313561153,111.0,178000.0,0.6036036036036037
