,idPedido,idUser,esCombo,nombreProducto,cantidadVendida,costoProd,idProducto,idProveedor,precioProd,ganNet
0,1595198203629,1595004251397.0,False,Cuchilla microdentada,1,30499,1594949424542,111.0,36500.0,0.1967605495262139
1,1596753032640,1596555623846.0,False,Cuchilla microdentada,1,30499,1594949424542,111.0,44500.0,0.45906423161415133
2,1597185090174,1584315879262.0,False,Cuchilla microdentada,1,30499,1594949424542,111.0,44500.0,0.45906423161415133
3,1597885446691,1597421919203.0,False,Cuchilla microdentada,1,30499,1594949424542,111.0,44500.0,0.45906423161415133
4,1599958820072,1599754877939.0,False,Cuchilla microdentada,1,30499,1594949424542,111.0,49500.0,0.623004032919112
