,idPedido,idUser,esCombo,nombreProducto,cantidadVendida,costoProd,idProducto,idProveedor,precioProd,ganNet
0,1595198222261,1595004363771.0,False,Minoxihair 12% + shampoo + domicilio,1,60200,1594313205726,111.0,99000.0,0.6445182724252492
1,1599677360946,1599450704648.0,False,Minoxihair 12% + shampoo + domicilio,1,60200,1594313205726,111.0,99000.0,0.6445182724252492
2,1600407434865,1600180566895.0,False,Minoxihair 12% + shampoo + domicilio,1,60200,1594313205726,111.0,99000.0,0.6445182724252492
3,1601159220279,1598301058227.0,False,Minoxihair 12% + shampoo + domicilio,1,60200,1594313205726,111.0,99000.0,0.6445182724252492
