,idPedido,idUser,esCombo,nombreProducto,cantidadVendida,costoProd,idProducto,idProveedor,precioProd,ganNet
0,1599368979221,1599141356876.0,False,Combo capa + DOMICILIO GRATIS,1,27620,1598733771021,111.0,44900.0,0.6256335988414192
1,1602792057860,1602433100098.0,False,Combo capa + DOMICILIO GRATIS,1,27620,1598733771021,111.0,44900.0,0.6256335988414192
