,idPedido,idUser,esCombo,nombreProducto,cantidadVendida,costoProd,idProducto,idProveedor,precioProd,ganNet
0,1566069639340,1565813751374.0,False,wahl 5 estrellas inalambrica,1,205700,20,111.0,269900.0,0.31210500729217316
1,1566673964960,1566572053648.0,False,wahl 5 estrellas inalambrica,1,205700,20,111.0,279900.0,0.36071949440933393
2,1573250489871,1572978461095.0,False,wahl 5 estrellas inalambrica,1,205700,20,111.0,285700.0,0.38891589693728723
3,1576706235178,1576247155717.0,False,wahl 5 estrellas inalambrica,1,205700,20,111.0,285700.0,0.38891589693728723
4,1584136458815,1583942844981.0,False,wahl 5 estrellas inalambrica,1,205700,20,111.0,285700.0,0.38891589693728723
