,idPedido,idUser,esCombo,nombreProducto,cantidadVendida,costoProd,idProducto,idProveedor,precioProd,ganNet
0,1563996193714,1563818313503.0,False,Cera Dellaneira,1,7200,27,111.0,8900.0,0.23611111111111116
1,1566069588715,1565969034035.0,False,Cera Dellaneira,2,7200,27,111.0,9400.0,-0.3472222222222222
2,1574707574578,1574282647123.0,False,Cera Dellaneira,12,7200,27,111.0,9400.0,-0.8912037037037037
3,1575129468930,1574873254956.0,False,Cera Dellaneira,2,7200,27,111.0,9400.0,-0.3472222222222222
4,1576271245427,1575392092857.0,False,Cera Dellaneira,2,7200,27,111.0,18800.0,0.3055555555555556
5,1580412645663,1579879406645.0,False,Cera Dellaneira,6,7200,27,111.0,56400.0,0.3055555555555556
6,1582826520374,1582732987170.0,False,Cera Dellaneira,1,7200,27,111.0,9400.0,0.3055555555555556
7,1585879932206,1583883460816.0,False,Cera Dellaneira,1,7200,27,111.0,9400.0,0.3055555555555556
8,1601751669535,1601399116958.0,False,Cera Dellaneira,5,7200,27,111.0,47000.0,0.3055555555555556
