,idPedido,idUser,esCombo,nombreProducto,cantidadVendida,costoProd,idProducto,idProveedor,precioProd,ganNet
0,1579730641194,1577723024282.0,False,guantes Vinilo,6,22000,50,111.0,72000.0,-0.4545454545454546
1,1586823964097,1583167514677.0,False,guantes Vinilo,1,22000,50,111.0,12000.0,-0.4545454545454546
2,1588886635060,1588726304270.0,False,guantes Vinilo,1,22000,50,111.0,12000.0,-0.4545454545454546
