,idPedido,idUser,esCombo,nombreProducto,cantidadVendida,costoProd,idProducto,idProveedor,precioProd,ganNet
0,1578000373099,1576690839474.0,False,cera con keratina wow 500g,1,12700,51,111.0,16900.0,0.3307086614173229
1,1586477138553,1586357881727.0,False,cera con keratina wow 500g,1,12700,51,111.0,16900.0,0.3307086614173229
