,idPedido,idUser,esCombo,nombreProducto,cantidadVendida,costoProd,idProducto,idProveedor,precioProd,ganNet
0,1567190765778,1567027345733.0,False,loci贸n dipsa 1L,1,17300,52,111.0,22900.0,0.323699421965318
1,1575129456207,1574888735923.0,False,loci贸n dipsa 1L,1,17300,52,111.0,22900.0,0.323699421965318
2,1578080848383,1577973092086.0,False,loci贸n dipsa 1L,1,17300,52,111.0,22900.0,0.323699421965318
3,1581105029052,1580911713535.0,False,loci贸n dipsa 1L,1,17300,52,111.0,22900.0,0.323699421965318
