,idPedido,idUser,esCombo,nombreProducto,cantidadVendida,costoProd,idProducto,idProveedor,precioProd,ganNet
0,1594435596136,1583759605178.0,False,loci贸n barbaros 1 L,1,14280,54,111.0,16900.0,0.1834733893557423
1,1600289453604,1600099941658.0,False,loci贸n barbaros 1 L,1,14280,54,111.0,18900.0,0.32352941176470584
2,1601427234085,1601004995117.0,False,loci贸n barbaros 1 L,1,14280,54,111.0,18900.0,0.32352941176470584
3,1602195864954,1601942101205.0,False,loci贸n barbaros 1 L,1,14280,54,111.0,18900.0,0.32352941176470584
