,idPedido,idUser,esCombo,nombreProducto,cantidadVendida,costoProd,idProducto,idProveedor,precioProd,ganNet
0,1583611585957,1582724465923.0,False,gel beauty 500g,1,9500,55,111.0,11450.0,0.20526315789473681
1,1595695374977,1595525716309.0,False,gel beauty 500g,1,9500,55,111.0,14500.0,0.5263157894736843
