,idPedido,idUser,esCombo,nombreProducto,cantidadVendida,costoProd,idProducto,idProveedor,precioProd,ganNet
0,1569817914455,1568209737742.0,False,Combo Jabon para afeitar,1,12850,57,111.0,16900.0,0.3151750972762646
1,1570220614985,1570130392028.0,False,Combo Jabon para afeitar,1,12850,57,111.0,16900.0,0.3151750972762646
2,1570679870752,1570402302100.0,False,Combo Jabon para afeitar,1,12850,57,111.0,16900.0,0.3151750972762646
3,1570826078482,1569459200797.0,False,Combo Jabon para afeitar,1,12850,57,111.0,16900.0,0.3151750972762646
4,1583611585957,1582724465923.0,False,Combo Jabon para afeitar,1,12850,57,111.0,16900.0,0.3151750972762646
5,1591398247688,1580657174161.0,False,Combo Jabon para afeitar,1,12850,57,111.0,16900.0,0.3151750972762646
