,idPedido,idUser,esCombo,nombreProducto,cantidadVendida,costoProd,idProducto,idProveedor,precioProd,ganNet
0,1569538794600,1567611049184.0,False,gel de pelo N17 1000gramos,1,9550,8,111.0,13200.0,0.38219895287958106
1,1570913408919,1570724781557.0,False,gel de pelo N17 1000gramos,1,9550,8,111.0,13200.0,0.38219895287958106
2,1576793784313,1576244630957.0,False,gel de pelo N17 1000gramos,1,9550,8,111.0,13200.0,0.38219895287958106
3,1576869082672,1576687781114.0,False,gel de pelo N17 1000gramos,1,9550,8,111.0,13200.0,0.38219895287958106
4,1579115186095,1578962613539.0,False,gel de pelo N17 1000gramos,1,9550,8,111.0,13200.0,0.38219895287958106
5,1580847525595,1574321944005.0,False,gel de pelo N17 1000gramos,1,9550,8,111.0,13200.0,0.38219895287958106
6,1585086897132,1584653131960.0,False,gel de pelo N17 1000gramos,1,9550,8,111.0,13200.0,0.38219895287958106
7,1596945988686,1596568036640.0,False,gel de pelo N17 1000gramos,1,9550,8,111.0,13200.0,0.38219895287958106
8,1601159373077,1600978756313.0,False,gel de pelo N17 1000gramos,1,9550,8,111.0,13200.0,0.38219895287958106
